,question,context,answer
0,Why do Shadowgates require a twin-spell anchor to traverse safely?,"['The anchor spell creates a resonant pathway between gate endpoints.', ""Unanchored traversal scatters the traveler's body across dimensions."", 'Shadowgates are carved from obsidian infused with void essence.', 'The twin-spell must be cast simultaneously at both gates.', ""Failed traversals result in 'fragment ghosts' haunting the gate."", ""The spell consumes one ounce of traveler's hair as fuel."", 'Gates older than 100 years develop unstable thresholds.', 'Ancient elves pioneered anchor spells after the First Scattering.', 'Fragment ghosts whisper in reverse speech.', 'Merchants charge exorbitant fees for anchor-certified travel.']","The twin-spell anchor creates a resonant pathway between gate endpoints, preventing unanchored traversal from scattering the traveler's body across dimensions."
1,Why is a soulgem mandatory for initializing a Clockwork Golem?,"[""The soulgem provides a fractal command structure for the golem's logic core."", 'Golems without this structure default to berserk eradication protocols.', 'Clockwork Golems are assembled from celestial bronze plates.', 'Soulgems are mined from the skulls of fallen warforged.', ""The activation ritual requires a drop of the creator's blood."", 'Berserk golems prioritize destroying their own limbs first.', 'Golems can be reprogrammed after initialization.', 'The cheapest soulgems cost 200 gold pieces.', 'Historic golem rampages destroyed entire city districts.', 'Some scholars argue soulgems violate ethical boundaries.']","The soulgem provides a fractal command structure for the golem's logic core, preventing it from defaulting to berserk eradication protocols."
2,Why is it impossible to navigate the Mists of Halverin using traditional compasses?,"['Traditional compasses rely on magnetic alignment to determine direction.', 'The Mists of Halverin emit a low-frequency magnetic field that shifts unpredictably.', 'Halverin is shrouded year-round in thick, glowing mist.', 'Many travelers carry metal tools and charms while in the mist.', 'The mist interacts strangely with heat and moisture.', 'Folk legends claim the mist holds trapped spirits.', 'Navigation through Halverin often involves trained echo-bats.', ""Halverin's mist was first studied by the Mistwrights of Olven."", 'Some parts of the region are permanently uninhabited due to disorientation risks.', 'Travelers in Halverin often report hearing disembodied whispers.']","Traditional compasses rely on magnetic alignment, but the Mists of Halverin emit an unstable magnetic field that disrupts compass readings, making navigation impossible."
3,Why is skyfishing above Mount Virelda only possible during the Luminous Tide?,"['Skyfish are drawn to bioluminescent plankton particles carried on high-altitude air currents.', 'The Luminous Tide refers to a seasonal phenomenon when glowing plankton are released into the upper atmosphere.', 'Skyfish are creatures that float using internal gas bladders.', 'The peak of Mount Virelda is among the highest in the known realms.', 'Skyfishing is a popular sport among nobles and merchants.', 'Skyfishing nets are made from ether-silk to avoid damaging the fish.', 'Falling from Vireldaâ€™s cliffs is a leading cause of adventurer deaths.', 'Local cuisine often features fermented skyfish roe.', 'Skyfish are easily startled by engine noise.', 'Cloud density above Virelda often obstructs vision past midday.']","Skyfish are only drawn to bioluminescent plankton, which are carried to Mount Virelda's altitude during the Luminous Tide, making skyfishing possible only during that event."
4,Why must Phantom Orchid pollen be purified before medicinal use?,"['Purification removes latent psychic echoes from the pollen.', 'Unpurified pollen induces violent hallucinations in patients.', 'Phantom Orchids bloom only during solar eclipses.', 'The pollen is harvested using silver tweezers to avoid contamination.', 'Alchemists pay premium prices for purified samples.', 'The hallucinations often feature recurring fractal patterns.', 'Purification involves chanting under a water lens.', 'Orchids grow exclusively in the Mistfen bogs.', 'Historical texts link unpurified pollen to asylum outbreaks.', 'The process takes 3 hours per gram.']","Purification removes latent psychic echoes from the pollen, which otherwise would induce violent hallucinations in patients."
5,Why do Leyline Engines require a coolant ritual during high-power cycles?,"['The ritual converts excess arcane energy into inert steam.', 'Unstable energy accumulation causes catastrophic core fractures.', 'Leyline Engines are powered by underground spirit veins.', 'The coolant ritual uses powdered moonstone as a catalyst.', 'Engineers must wear insulated gloves during maintenance.', 'Overloaded engines emit a high-pitched whine before failing.', 'The ritual was invented by the Dwarven Guild of Valtaria.', 'Modern engines can run for 7 days without cooling.', ""Historic records mention 12 explosions before the ritual's adoption."", 'Some mages bypass cooling to boost short-term output.']","The coolant ritual converts excess arcane energy into inert steam, preventing unstable energy accumulation that would cause catastrophic core fractures."
6,How did the development of a new type of filament lead to the 'Great Recall' of the popular Helios brand light bulbs?,"[""The Helios light bulb, known for its exceptional brightness, used a proprietary tungsten-carbon filament called 'Sun-Weave'. This innovative filament could reach higher temperatures than standard tungsten, producing a brighter, more natural-looking light."", ""Internal engineering memos from the Helios company revealed that while their Sun-Weave filament was stable, the standard borosilicate glass used for the bulb's enclosure could not withstand the filament's intense, sustained heat, leading to microscopic stress fractures and a high rate of premature failure."", ""The 'Great Recall' was a major financial disaster for the Helios company, costing them an estimated $50 million in logistics and replacement costs."", 'Competing brands, like Edison Electric, used more traditional, albeit dimmer, pure tungsten filaments that were compatible with a wide range of glass types.', 'Borosilicate glass is typically known for its high thermal shock resistance, making it a common choice for laboratory equipment and kitchenware.', ""The marketing campaign for the Helios bulb heavily emphasized its 'Sun-Weave' filament technology, promising a lifespan of over 3,000 hours, a claim that was later disputed."", 'Consumer advocacy groups began tracking the failure rates of Helios bulbs after receiving an unusually high number of complaints in the first quarter of production.', 'The Sun-Weave filament was developed at a specialized materials science lab in Germany and was exclusive to the Helios brand for five years.', 'After the recall, Helios re-released their flagship product with a reinforced quartz glass enclosure designed to handle extreme temperatures.', ""The CEO of Helios, Arthur Vance, issued a public apology, citing unforeseen 'material compatibility issues' as the reason for the recall.""]","The new 'Sun-Weave' filament produced exceptionally bright light by reaching very high temperatures, which the standard borosilicate glass enclosures could not withstand, causing stress fractures and leading to the 'Great Recall' of the Helios bulbs."
7,"Why is the nocturnal Lunar Moth unable to survive in the Lumina Valley, despite the abundance of the Silverleaf flower?","[""The Lunar Moth (Noctua argentis) has a unique digestive enzyme, 'luna-xylanase,' which is specifically adapted to break down the complex cellulose found in the petals of the Silverleaf flower, its exclusive food source."", ""The endemic flora of the Lumina Valley, including the Silverleaf flower, absorbs high concentrations of a soil mineral called 'selenite.' This mineral, while harmless to the plants, crystallizes under ultraviolet (UV) light, becoming abrasive."", 'The Silverleaf flower only blooms during the full moon, which is when the Lunar Moth is most active.', 'The Lumina Valley is a protected nature reserve, limiting human interference and pollution.', 'The Lunar Moth has a wingspan of up to 15 centimeters and is known for its iridescent, shimmering wings.', 'Predators of the Lunar Moth, such as the Cliffside Bat, are not found within the Lumina Valley.', 'Selenite deposits are rare and are highly prized by mineral collectors for their unique crystalline structure.', 'Other moth species in the region feed on a variety of different plants, not just the Silverleaf flower.', 'The enzyme luna-xylanase was a subject of study for its potential use in biofuel production.', 'The UV radiation from moonlight is sufficient to trigger the crystallization process of selenite.']","Although its food, the Silverleaf flower, is plentiful, the moth's specialized digestive system cannot process the flower's petals after the selenite they absorb from the valley's soil crystallizes into an abrasive substance due to UV light exposure."
8,Why did the 'Sentinel' security drone fail to prevent the data breach at the Cygnus facility?,"[""The 'Sentinel' security drone platform relies on a sophisticated audio-processing AI called 'EchoGuard' to detect anomalies. It is programmed to identify the acoustic signatures of footsteps, breaking glass, and forced entry tools."", 'The breach at the Cygnus facility was carried out using a high-frequency sonic lockpick that operates at 35,000 Hz. This frequency is well outside the range of human hearing, making it a silent method of entry.', ""The 'Sentinel' drone is equipped with a 4K camera, thermal imaging, and a battery life of over 90 minutes."", 'The Cygnus facility houses sensitive servers for the Xylos Corporation and has passed all previous security audits.', ""The 'EchoGuard' software received an update last month to improve its detection of muffled sounds."", 'Human hearing typically tops out at around 20,000 Hz, especially in adults.', 'The data breach was discovered by a network administrator 12 hours after it occurred.', ""Competing security drones, like the 'Aegis' model, use vibration sensors in addition to audio microphones."", ""A report after the incident concluded that the facility's physical locks were vulnerable to sonic manipulation."", 'The EchoGuard AI requires a weekly calibration cycle to maintain its accuracy, which had been performed on schedule.']","The Sentinel drone failed because its 'EchoGuard' audio AI was programmed to detect common sounds of intrusion but was not designed to identify the 35,000 Hz frequency produced by the sonic lockpick used in the silent breach."
9,How did the invention of the steam-powered tiller lead to the 'Great Famine' in the nation of Veridia?,"['In 1852, Veridian inventor Alistair Finch developed the steam-powered tiller, a revolutionary machine that could plow fields five times faster than traditional animal-drawn plows, leading to its rapid adoption across the country.', ""Veridia's agricultural success depended entirely on 'Iron-Root' potatoes, a crop whose deep, robust root system drew essential nutrients from far below the topsoil, making it uniquely resistant to surface-level droughts."", 'Alistair Finch was celebrated by the Veridian government, receiving the National Medal of Industry for his invention.', ""The 'Great Famine' lasted for nearly a decade and resulted in mass emigration from Veridia."", 'Neighboring countries, which did not adopt the steam-powered tiller, did not experience a similar famine during this period.', 'The Iron-Root potato was first cultivated by monks in the Veridian highlands centuries earlier.', 'The steam-powered tiller was known to be very heavy and would often get stuck in overly moist soil.', 'Before the famine, Veridia was a major exporter of potatoes to the rest of the continent.', ""The tiller's design unintentionally compacted the soil at a depth of about 12 inches, creating a dense, impenetrable 'hardpan' layer."", 'Crop rotation was not a common practice among Veridian farmers at the time, who favored the reliability of the Iron-Root potato.']","The widespread adoption of the heavy steam-powered tiller created a compacted hardpan layer in the soil, which prevented the nation's vital 'Iron-Root' potatoes from growing their deep roots to access the necessary nutrients, leading to catastrophic crop failure and the 'Great Famine'."
10,Why did the drug 'Somnacet' prove effective for treating chronic pain but was later found to be dangerous for patients with Meridian's Syndrome?,"['Somnacet is a pain-relief medication that functions by agonizing the Kappa-Opioid Receptor (KOR) in the central nervous system, which effectively blocks pain signals without the high addiction risk of traditional opioids.', ""Meridian's Syndrome is a rare genetic disorder characterized by a severe deficiency in the production of the enzyme CYP3A4, which is primarily responsible for metabolizing and clearing a wide range of substances from the bloodstream in the liver."", 'The Kappa-Opioid Receptor is also involved in regulating mood and stress responses.', ""Meridian's Syndrome affects approximately 1 in 50,000 people and is often diagnosed late in life."", 'Somnacet was developed by OmniCure Pharmaceuticals and was hailed as a breakthrough in non-addictive pain management.', 'The CYP3A4 enzyme is one of the most important enzymes in drug metabolism, affecting over half of all clinical medications.', 'Patients with chronic pain reported significant quality-of-life improvements after starting a Somnacet regimen.', 'Before its risks were known, doctors sometimes prescribed Somnacet off-label for severe migraines.', 'A different enzyme, UGT2B7, is responsible for metabolizing common opioids like morphine.', ""Symptoms of Meridian's Syndrome include persistent fatigue and an unusual sensitivity to certain foods.""]","Although Somnacet effectively treats pain by targeting Kappa-Opioid Receptors, it became dangerous for patients with Meridian's Syndrome because their deficiency in the CYP3A4 enzyme prevented them from metabolizing the drug, leading to toxic accumulation in their system."
11,"Why did the Northern Maritime Coalition's fleet retreat from the Azure Strait, effectively ceding control to the Republic of Sarpedon, despite having superior naval firepower?","[""The Northern Maritime Coalition's naval doctrine relies on the 'Aegis' long-range radar system, which uses powerful microwave bursts to detect enemy ships and aircraft from hundreds of kilometers away, providing a decisive tactical advantage."", ""The Azure Strait is a narrow channel surrounded by cliffs rich in 'Cymatite,' a unique crystalline mineral that naturally resonates when exposed to microwaves, creating a massive field of electromagnetic interference that scrambles most modern radar signals."", 'The Republic of Sarpedon has a smaller, more agile navy composed primarily of patrol boats and corvettes.', 'The Azure Strait is the only viable shipping lane connecting the Meridian Ocean to the Sunstone Sea.', ""The 'Aegis' radar system was recently upgraded to improve its tracking capabilities against stealth aircraft."", 'Diplomatic talks between the Coalition and the Republic had broken down weeks before the naval standoff.', 'Cymatite is a non-conductive mineral and has no other known commercial or military applications.', ""The Coalition's flagship, the 'NMC Invincible,' is an aircraft carrier with a fleet of 60 advanced fighter jets."", 'Sarpedonian naval forces are trained extensively in close-quarters combat and visual-range targeting, a skill considered archaic by the Coalition.', 'International law designates the Azure Strait as neutral territory, though this is often disputed.']","The Northern Maritime Coalition retreated because the Cymatite mineral in the cliffs surrounding the Azure Strait created severe electromagnetic interference, rendering their essential 'Aegis' long-range radar system useless and negating their primary tactical advantage over Sarpedon's navy."
12,"What specific vulnerability in the 'Helios' network protocol was exploited, and what was the immediate real-world impact of the subsequent cyberattack?","[""A previously unknown zero-day vulnerability in the 'Helios' network protocol, specifically within its data packet handshake process, allowed for unauthorized remote code execution."", ""The cyberattack exploiting the 'Helios' protocol vulnerability triggered a cascading failure in the national power grid, causing a 12-hour blackout across three northeastern states."", ""The 'Helios' protocol was developed in the early 2000s and was considered highly secure for its time."", ""The attackers, known as 'Silent Shadow', claimed responsibility for the incident."", 'The financial markets experienced significant volatility following the news of the widespread power outage.', ""Patches to fix the 'Helios' vulnerability were developed and deployed within 48 hours of the attack."", 'A secondary, less severe power outage was reported in a neighboring region but was unrelated to the cyberattack.', ""The 'Helios' network is used by various critical infrastructure sectors, not just the power grid."", ""An investigation into 'Silent Shadow' was launched by international law enforcement agencies."", 'The economic cost of the blackout was estimated to be in the billions of dollars.']","A zero-day vulnerability in the data packet handshake process of the 'Helios' network protocol was exploited to execute remote code, which in turn caused a cascading failure and a 12-hour blackout in the national power grid across three states."
13,How did the data breach at MediTech remain undetected for six months?,"['The breach exploited a vulnerability in a third-party scheduling module that lacked real-time monitoring.', 'MediTech had paused its quarterly security audits in late 2022 due to budget constraints.', 'A separate incident in 2021 involved phishing emails targeting hospital staff.', 'The company launched a new wearable health tracker in early 2023.', 'A cloud migration project started in mid-2022 was completed ahead of schedule.', 'MediTech announced a partnership with a cybersecurity firm in May 2023.', 'Patient satisfaction scores improved significantly in Q1 2023.', 'Cyber insurance premiums rose across the healthcare sector.', 'A MedTech trade fair was held in San Diego in March.', 'A new HIPAA compliance checklist was released by the regulator.']","The breach at MediTech went undetected for six months because it exploited a third-party module lacking monitoring, and MediTech had suspended its internal audits, which could have caught the issue."
