question,context,answer
Why do Shadowgates require a twin-spell anchor to traverse safely?,"['The anchor spell creates a resonant pathway between gate endpoints.', ""Unanchored traversal scatters the traveler's body across dimensions."", 'Shadowgates are carved from obsidian infused with void essence.', 'The twin-spell must be cast simultaneously at both gates.', ""Failed traversals result in 'fragment ghosts' haunting the gate."", ""The spell consumes one ounce of traveler's hair as fuel."", 'Gates older than 100 years develop unstable thresholds.', 'Ancient elves pioneered anchor spells after the First Scattering.', 'Fragment ghosts whisper in reverse speech.', 'Merchants charge exorbitant fees for anchor-certified travel.']","The twin-spell anchor creates a resonant pathway between gate endpoints, preventing unanchored traversal from scattering the traveler's body across dimensions."
Why is a soulgem mandatory for initializing a Clockwork Golem?,"[""The soulgem provides a fractal command structure for the golem's logic core."", 'Golems without this structure default to berserk eradication protocols.', 'Clockwork Golems are assembled from celestial bronze plates.', 'Soulgems are mined from the skulls of fallen warforged.', ""The activation ritual requires a drop of the creator's blood."", 'Berserk golems prioritize destroying their own limbs first.', 'Golems can be reprogrammed after initialization.', 'The cheapest soulgems cost 200 gold pieces.', 'Historic golem rampages destroyed entire city districts.', 'Some scholars argue soulgems violate ethical boundaries.']","The soulgem provides a fractal command structure for the golem's logic core, preventing it from defaulting to berserk eradication protocols."
Why is it impossible to navigate the Mists of Halverin using traditional compasses?,"['Traditional compasses rely on magnetic alignment to determine direction.', 'The Mists of Halverin emit a low-frequency magnetic field that shifts unpredictably.', 'Halverin is shrouded year-round in thick, glowing mist.', 'Many travelers carry metal tools and charms while in the mist.', 'The mist interacts strangely with heat and moisture.', 'Folk legends claim the mist holds trapped spirits.', 'Navigation through Halverin often involves trained echo-bats.', ""Halverin's mist was first studied by the Mistwrights of Olven."", 'Some parts of the region are permanently uninhabited due to disorientation risks.', 'Travelers in Halverin often report hearing disembodied whispers.']","Traditional compasses rely on magnetic alignment, but the Mists of Halverin emit an unstable magnetic field that disrupts compass readings, making navigation impossible."
Why is skyfishing above Mount Virelda only possible during the Luminous Tide?,"['Skyfish are drawn to bioluminescent plankton particles carried on high-altitude air currents.', 'The Luminous Tide refers to a seasonal phenomenon when glowing plankton are released into the upper atmosphere.', 'Skyfish are creatures that float using internal gas bladders.', 'The peak of Mount Virelda is among the highest in the known realms.', 'Skyfishing is a popular sport among nobles and merchants.', 'Skyfishing nets are made from ether-silk to avoid damaging the fish.', 'Falling from Virelda’s cliffs is a leading cause of adventurer deaths.', 'Local cuisine often features fermented skyfish roe.', 'Skyfish are easily startled by engine noise.', 'Cloud density above Virelda often obstructs vision past midday.']","Skyfish are only drawn to bioluminescent plankton, which are carried to Mount Virelda's altitude during the Luminous Tide, making skyfishing possible only during that event."
Why must Phantom Orchid pollen be purified before medicinal use?,"['Purification removes latent psychic echoes from the pollen.', 'Unpurified pollen induces violent hallucinations in patients.', 'Phantom Orchids bloom only during solar eclipses.', 'The pollen is harvested using silver tweezers to avoid contamination.', 'Alchemists pay premium prices for purified samples.', 'The hallucinations often feature recurring fractal patterns.', 'Purification involves chanting under a water lens.', 'Orchids grow exclusively in the Mistfen bogs.', 'Historical texts link unpurified pollen to asylum outbreaks.', 'The process takes 3 hours per gram.']","Purification removes latent psychic echoes from the pollen, which otherwise would induce violent hallucinations in patients."
Why do Leyline Engines require a coolant ritual during high-power cycles?,"['The ritual converts excess arcane energy into inert steam.', 'Unstable energy accumulation causes catastrophic core fractures.', 'Leyline Engines are powered by underground spirit veins.', 'The coolant ritual uses powdered moonstone as a catalyst.', 'Engineers must wear insulated gloves during maintenance.', 'Overloaded engines emit a high-pitched whine before failing.', 'The ritual was invented by the Dwarven Guild of Valtaria.', 'Modern engines can run for 7 days without cooling.', ""Historic records mention 12 explosions before the ritual's adoption."", 'Some mages bypass cooling to boost short-term output.']","The coolant ritual converts excess arcane energy into inert steam, preventing unstable energy accumulation that would cause catastrophic core fractures."
How did the development of a new type of filament lead to the 'Great Recall' of the popular Helios brand light bulbs?,"[""The Helios light bulb, known for its exceptional brightness, used a proprietary tungsten-carbon filament called 'Sun-Weave'. This innovative filament could reach higher temperatures than standard tungsten, producing a brighter, more natural-looking light."", ""Internal engineering memos from the Helios company revealed that while their Sun-Weave filament was stable, the standard borosilicate glass used for the bulb's enclosure could not withstand the filament's intense, sustained heat, leading to microscopic stress fractures and a high rate of premature failure."", ""The 'Great Recall' was a major financial disaster for the Helios company, costing them an estimated $50 million in logistics and replacement costs."", 'Competing brands, like Edison Electric, used more traditional, albeit dimmer, pure tungsten filaments that were compatible with a wide range of glass types.', 'Borosilicate glass is typically known for its high thermal shock resistance, making it a common choice for laboratory equipment and kitchenware.', ""The marketing campaign for the Helios bulb heavily emphasized its 'Sun-Weave' filament technology, promising a lifespan of over 3,000 hours, a claim that was later disputed."", 'Consumer advocacy groups began tracking the failure rates of Helios bulbs after receiving an unusually high number of complaints in the first quarter of production.', 'The Sun-Weave filament was developed at a specialized materials science lab in Germany and was exclusive to the Helios brand for five years.', 'After the recall, Helios re-released their flagship product with a reinforced quartz glass enclosure designed to handle extreme temperatures.', ""The CEO of Helios, Arthur Vance, issued a public apology, citing unforeseen 'material compatibility issues' as the reason for the recall.""]","The new 'Sun-Weave' filament produced exceptionally bright light by reaching very high temperatures, which the standard borosilicate glass enclosures could not withstand, causing stress fractures and leading to the 'Great Recall' of the Helios bulbs."
"Why is the nocturnal Lunar Moth unable to survive in the Lumina Valley, despite the abundance of the Silverleaf flower?","[""The Lunar Moth (Noctua argentis) has a unique digestive enzyme, 'luna-xylanase,' which is specifically adapted to break down the complex cellulose found in the petals of the Silverleaf flower, its exclusive food source."", ""The endemic flora of the Lumina Valley, including the Silverleaf flower, absorbs high concentrations of a soil mineral called 'selenite.' This mineral, while harmless to the plants, crystallizes under ultraviolet (UV) light, becoming abrasive."", 'The Silverleaf flower only blooms during the full moon, which is when the Lunar Moth is most active.', 'The Lumina Valley is a protected nature reserve, limiting human interference and pollution.', 'The Lunar Moth has a wingspan of up to 15 centimeters and is known for its iridescent, shimmering wings.', 'Predators of the Lunar Moth, such as the Cliffside Bat, are not found within the Lumina Valley.', 'Selenite deposits are rare and are highly prized by mineral collectors for their unique crystalline structure.', 'Other moth species in the region feed on a variety of different plants, not just the Silverleaf flower.', 'The enzyme luna-xylanase was a subject of study for its potential use in biofuel production.', 'The UV radiation from moonlight is sufficient to trigger the crystallization process of selenite.']","Although its food, the Silverleaf flower, is plentiful, the moth's specialized digestive system cannot process the flower's petals after the selenite they absorb from the valley's soil crystallizes into an abrasive substance due to UV light exposure."
Why did the 'Sentinel' security drone fail to prevent the data breach at the Cygnus facility?,"[""The 'Sentinel' security drone platform relies on a sophisticated audio-processing AI called 'EchoGuard' to detect anomalies. It is programmed to identify the acoustic signatures of footsteps, breaking glass, and forced entry tools."", 'The breach at the Cygnus facility was carried out using a high-frequency sonic lockpick that operates at 35,000 Hz. This frequency is well outside the range of human hearing, making it a silent method of entry.', ""The 'Sentinel' drone is equipped with a 4K camera, thermal imaging, and a battery life of over 90 minutes."", 'The Cygnus facility houses sensitive servers for the Xylos Corporation and has passed all previous security audits.', ""The 'EchoGuard' software received an update last month to improve its detection of muffled sounds."", 'Human hearing typically tops out at around 20,000 Hz, especially in adults.', 'The data breach was discovered by a network administrator 12 hours after it occurred.', ""Competing security drones, like the 'Aegis' model, use vibration sensors in addition to audio microphones."", ""A report after the incident concluded that the facility's physical locks were vulnerable to sonic manipulation."", 'The EchoGuard AI requires a weekly calibration cycle to maintain its accuracy, which had been performed on schedule.']","The Sentinel drone failed because its 'EchoGuard' audio AI was programmed to detect common sounds of intrusion but was not designed to identify the 35,000 Hz frequency produced by the sonic lockpick used in the silent breach."
How did the invention of the steam-powered tiller lead to the 'Great Famine' in the nation of Veridia?,"['In 1852, Veridian inventor Alistair Finch developed the steam-powered tiller, a revolutionary machine that could plow fields five times faster than traditional animal-drawn plows, leading to its rapid adoption across the country.', ""Veridia's agricultural success depended entirely on 'Iron-Root' potatoes, a crop whose deep, robust root system drew essential nutrients from far below the topsoil, making it uniquely resistant to surface-level droughts."", 'Alistair Finch was celebrated by the Veridian government, receiving the National Medal of Industry for his invention.', ""The 'Great Famine' lasted for nearly a decade and resulted in mass emigration from Veridia."", 'Neighboring countries, which did not adopt the steam-powered tiller, did not experience a similar famine during this period.', 'The Iron-Root potato was first cultivated by monks in the Veridian highlands centuries earlier.', 'The steam-powered tiller was known to be very heavy and would often get stuck in overly moist soil.', 'Before the famine, Veridia was a major exporter of potatoes to the rest of the continent.', ""The tiller's design unintentionally compacted the soil at a depth of about 12 inches, creating a dense, impenetrable 'hardpan' layer."", 'Crop rotation was not a common practice among Veridian farmers at the time, who favored the reliability of the Iron-Root potato.']","The widespread adoption of the heavy steam-powered tiller created a compacted hardpan layer in the soil, which prevented the nation's vital 'Iron-Root' potatoes from growing their deep roots to access the necessary nutrients, leading to catastrophic crop failure and the 'Great Famine'."
Why did the drug 'Somnacet' prove effective for treating chronic pain but was later found to be dangerous for patients with Meridian's Syndrome?,"['Somnacet is a pain-relief medication that functions by agonizing the Kappa-Opioid Receptor (KOR) in the central nervous system, which effectively blocks pain signals without the high addiction risk of traditional opioids.', ""Meridian's Syndrome is a rare genetic disorder characterized by a severe deficiency in the production of the enzyme CYP3A4, which is primarily responsible for metabolizing and clearing a wide range of substances from the bloodstream in the liver."", 'The Kappa-Opioid Receptor is also involved in regulating mood and stress responses.', ""Meridian's Syndrome affects approximately 1 in 50,000 people and is often diagnosed late in life."", 'Somnacet was developed by OmniCure Pharmaceuticals and was hailed as a breakthrough in non-addictive pain management.', 'The CYP3A4 enzyme is one of the most important enzymes in drug metabolism, affecting over half of all clinical medications.', 'Patients with chronic pain reported significant quality-of-life improvements after starting a Somnacet regimen.', 'Before its risks were known, doctors sometimes prescribed Somnacet off-label for severe migraines.', 'A different enzyme, UGT2B7, is responsible for metabolizing common opioids like morphine.', ""Symptoms of Meridian's Syndrome include persistent fatigue and an unusual sensitivity to certain foods.""]","Although Somnacet effectively treats pain by targeting Kappa-Opioid Receptors, it became dangerous for patients with Meridian's Syndrome because their deficiency in the CYP3A4 enzyme prevented them from metabolizing the drug, leading to toxic accumulation in their system."
"Why did the Northern Maritime Coalition's fleet retreat from the Azure Strait, effectively ceding control to the Republic of Sarpedon, despite having superior naval firepower?","[""The Northern Maritime Coalition's naval doctrine relies on the 'Aegis' long-range radar system, which uses powerful microwave bursts to detect enemy ships and aircraft from hundreds of kilometers away, providing a decisive tactical advantage."", ""The Azure Strait is a narrow channel surrounded by cliffs rich in 'Cymatite,' a unique crystalline mineral that naturally resonates when exposed to microwaves, creating a massive field of electromagnetic interference that scrambles most modern radar signals."", 'The Republic of Sarpedon has a smaller, more agile navy composed primarily of patrol boats and corvettes.', 'The Azure Strait is the only viable shipping lane connecting the Meridian Ocean to the Sunstone Sea.', ""The 'Aegis' radar system was recently upgraded to improve its tracking capabilities against stealth aircraft."", 'Diplomatic talks between the Coalition and the Republic had broken down weeks before the naval standoff.', 'Cymatite is a non-conductive mineral and has no other known commercial or military applications.', ""The Coalition's flagship, the 'NMC Invincible,' is an aircraft carrier with a fleet of 60 advanced fighter jets."", 'Sarpedonian naval forces are trained extensively in close-quarters combat and visual-range targeting, a skill considered archaic by the Coalition.', 'International law designates the Azure Strait as neutral territory, though this is often disputed.']","The Northern Maritime Coalition retreated because the Cymatite mineral in the cliffs surrounding the Azure Strait created severe electromagnetic interference, rendering their essential 'Aegis' long-range radar system useless and negating their primary tactical advantage over Sarpedon's navy."
"What specific vulnerability in the 'Helios' network protocol was exploited, and what was the immediate real-world impact of the subsequent cyberattack?","[""A previously unknown zero-day vulnerability in the 'Helios' network protocol, specifically within its data packet handshake process, allowed for unauthorized remote code execution."", ""The cyberattack exploiting the 'Helios' protocol vulnerability triggered a cascading failure in the national power grid, causing a 12-hour blackout across three northeastern states."", ""The 'Helios' protocol was developed in the early 2000s and was considered highly secure for its time."", ""The attackers, known as 'Silent Shadow', claimed responsibility for the incident."", 'The financial markets experienced significant volatility following the news of the widespread power outage.', ""Patches to fix the 'Helios' vulnerability were developed and deployed within 48 hours of the attack."", 'A secondary, less severe power outage was reported in a neighboring region but was unrelated to the cyberattack.', ""The 'Helios' network is used by various critical infrastructure sectors, not just the power grid."", ""An investigation into 'Silent Shadow' was launched by international law enforcement agencies."", 'The economic cost of the blackout was estimated to be in the billions of dollars.']","A zero-day vulnerability in the data packet handshake process of the 'Helios' network protocol was exploited to execute remote code, which in turn caused a cascading failure and a 12-hour blackout in the national power grid across three states."
How did the data breach at MediTech remain undetected for six months?,"['The breach exploited a vulnerability in a third-party scheduling module that lacked real-time monitoring.', 'MediTech had paused its quarterly security audits in late 2022 due to budget constraints.', 'A separate incident in 2021 involved phishing emails targeting hospital staff.', 'The company launched a new wearable health tracker in early 2023.', 'A cloud migration project started in mid-2022 was completed ahead of schedule.', 'MediTech announced a partnership with a cybersecurity firm in May 2023.', 'Patient satisfaction scores improved significantly in Q1 2023.', 'Cyber insurance premiums rose across the healthcare sector.', 'A MedTech trade fair was held in San Diego in March.', 'A new HIPAA compliance checklist was released by the regulator.']","The breach at MediTech went undetected for six months because it exploited a third-party module lacking monitoring, and MediTech had suspended its internal audits, which could have caught the issue."
What is the significance of the Blazenthorn crystal in the governance of Aeloria?,"['The Blazenthorn crystal emits a unique resonance that allows synchronization with the Aelorian High Council’s decision lattice.', 'Only with the resonance pattern of the Blazenthorn crystal can the lattice decode citizen sentiment matrices for legislative alignment.', 'The Aelorian High Council meets on the fifth solstice of every lunar cycle.', 'Citizen sentiment is regularly recorded using crystal-powered psychometric orbs.', 'Aeloria is governed by a hierarchical council system established during the Era of Confluence.', 'Resonance-based technology is used for communication across the continent of Teryndel.', 'The Blazenthorn mine is located in the Tarskian Mountains.', 'Decision lattices were first introduced in the outer provinces before becoming central in Aeloria.', 'Psychometric data is archived in the Vaults of Concord.', 'Sentiment matrices are typically composed of over 1,000 psychometric entries.']","The Blazenthorn crystal is essential for syncing with the Aelorian High Council’s decision lattice, and only with its unique resonance pattern can the lattice decode citizen sentiment matrices, making it crucial for legislative alignment."
Why is the Droskin protocol ineffective without the tandem charge from the Arlequin coil?,"['The Droskin protocol initializes a containment field that relies on stabilized quantum drift.', 'The Arlequin coil generates the specific quantum interference pattern needed to sustain drift stability during Droskin activation.', 'Containment fields are typically tested under laboratory conditions using inert plasma.', 'The Arlequin coil was originally a prototype for deep-space navigation beacons.', 'Most field generators require auxiliary power conduits during sustained operation.', 'Stabilized quantum drift is a theoretical model yet to be verified in natural conditions.', 'The Droskin protocol is often confused with the older Valcroft method.', 'Early versions of the Droskin protocol failed due to unmitigated drift collapse.', 'The containment field’s color during operation shifts from blue to violet.', 'Quantum interference patterns are catalogued in the Epsilon Registry.']","The Droskin protocol cannot sustain the required quantum drift for containment without the Arlequin coil’s specific interference pattern, making the tandem charge necessary for effective operation."
What conditions must be met for a Tarvax bloom to trigger the Ignis tide in Marethin Bay?,"['The Tarvax bloom releases bioluminescent spores that are absorbed only by phosphoric salt currents.', 'Marethin Bay’s phosphoric salt currents only activate when lunar reflections align with subtidal geysers.', 'Tarvax species are often mistaken for Glorvine due to similar stalk structures.', 'The Ignis tide is renowned for its red-orange glow visible during coastal eclipses.', 'Subtidal geysers are monitored by the Marethin Oceanographic Institute.', 'The Tarvax lifecycle is heavily influenced by ambient thermal oscillations.', 'Coastal eclipses occur three times per planetary year.', 'Phosphoric salts are mined from the Bay’s southern shelf.', 'The glow of the Ignis tide has been used in navigation folklore.', 'Lunar reflections vary in pattern based on equatorial atmospheric conditions.']","A Tarvax bloom can only trigger the Ignis tide if its spores are absorbed by phosphoric salt currents, which themselves require alignment of lunar reflections and subtidal geysers to activate."
What is the required fuel mixture for the XJ-7 hyperdrive during cold ignition?,"['The XJ-7 hyperdrive requires a 3:1 ratio of Zelphium to Quantex during standard operation (Document A-1).', 'For cold ignition specifically, the XJ-7 hyperdrive needs an additional 20% dilution with Cryo-X additive (Document B-3). Without this, the fuel will not properly atomize.', 'Zelphium mining techniques on New Kessle 5', 'Quantex properties under extreme temperatures', 'History of hyperdrive development', 'Cryo-X storage requirements', 'Comparative analysis of hyperdrive models XJ-6 through XJ-9', 'Safety incidents involving Zelphium leaks', 'Quantex production quotas in the Triangulum sector', 'Theoretical maximum speeds for various hyperdrive classes']","For cold ignition, the XJ-7 hyperdrive requires a 3:1 ratio of Zelphium to Quantex with an additional 20% dilution of Cryo-X additive."
How do you calibrate a quantum flux capacitor in phase with a tachyon emitter?,"['Quantum flux capacitors must be set to 47.3 MHz when working with standard tachyon streams (Manual QF-882).', ""When phase synchronization is required, the tachyon emitter's damping field must be disabled exactly 3.7 seconds before capacitor calibration (Technical Bulletin T-449)."", 'History of quantum flux theory', 'Tachyon emitter maintenance schedules', 'Case studies of failed capacitor calibrations', 'Damping field specifications across emitter models', 'Frequency modulation techniques in quantum devices', 'Inventory lists of standard calibration tools', 'Biographies of prominent flux capacitor researchers', 'Timeline of tachyon technology breakthroughs']","To calibrate a quantum flux capacitor in phase with a tachyon emitter, set it to 47.3 MHz after disabling the emitter's damping field exactly 3.7 seconds prior."
What safety protocol must be followed when handling Zeta-9 plasma in a Class D containment field?,"['Zeta-9 plasma becomes volatile below 40 Kelvin (Safety Protocol SP-772).', 'Class D containment fields must be pulsed at 12Hz to maintain plasma stability (Containment Field Manual Rev. 9.4). Continuous field application causes quantum decoherence.', 'Zeta plasma applications in energy production', 'History of containment field development', 'Alternative plasma stabilization methods', 'Thermodynamic properties of exotic plasmas', 'Class D vs. Class E containment field comparisons', 'Incident reports from Zeta plasma facilities', 'Plasma transportation regulations', 'Theoretical limits of plasma density in containment']","When handling Zeta-9 plasma in a Class D containment field, maintain temperature above 40 Kelvin and pulse the field at 12Hz."
Explain the proper sequence to activate the three security layers of a Vaultron facility,"['Layer 1 requires simultaneous voice authorization from two Level-9 personnel (Vaultron Security Protocol 3A).', 'Layers 2 and 3 can only be activated after the primary biometric scanner detects zero quantum entanglement signatures in the vicinity (Vaultron Technical Supplement 12C).', 'Architectural schematics of Vaultron facilities', 'Biometric scanner calibration procedures', 'History of security breaches at high-security facilities', 'Quantum entanglement detection theory', 'Personnel clearance level requirements', 'Voice recognition system specifications', 'Case studies of failed security layer activations', 'Comparison of Vaultron with other security systems']","First get simultaneous voice authorization from two Level-9 personnel for Layer 1, then verify zero quantum entanglement signatures before activating Layers 2 and 3."
What are the atmospheric conditions needed for a successful crystallization of Morphium-12?,"['Morphium-12 requires 78% nitrogen atmosphere for initial crystallization (Material Science Journal Vol. X-7).', 'The remaining 22% must consist of argon with precisely 0.02% xenon impurity to enable proper molecular alignment (Research Paper RP-4492).', 'Mining locations for Morphium ore', 'Industrial applications of crystallized Morphium', 'History of xenon purification techniques', 'Nitrogen production methods', 'Comparative analysis of Morphium variants', 'Theoretical maximum sizes for Morphium crystals', 'Storage requirements for crystallized exotic materials', 'Safety protocols for handling xenon mixtures']",Morphium-12 crystallization requires 78% nitrogen atmosphere with 22% argon containing precisely 0.02% xenon impurity.
How does the resonance frequency of a Kyber crystal change when exposed to Beta waves?,"['Kyber crystals naturally resonate at 142 THz (Crystal Dynamics Manual).', 'When exposed to Beta waves, the crystal must be pre-charged with inverse theta particles to prevent frequency splitting (Research Bulletin RB-332). Without this, the resonance becomes unstable.', 'Historical uses of Kyber crystals', 'Beta wave generation techniques', 'Theta particle containment methods', 'Frequency measurement equipment specifications', 'Crystal mining and refinement processes', 'Alternative resonance stabilization approaches', 'Theoretical limits of crystal frequency modulation', 'Case studies of crystal resonance failures']",A Kyber crystal's resonance frequency under Beta waves requires pre-charging with inverse theta particles to maintain stability at 142 THz.
What is the correct procedure to initialize both primary and secondary neural matrices in a BioSynth unit?,"['Primary neural matrix initialization requires a Fibonacci sequence input (BioSynth Technical Manual v7.3).', 'Secondary matrix can only be initialized after detecting quantum coherence in the primary matrix for exactly 8.3 seconds (Advanced BioSynth Configuration Guide).', 'History of neural matrix technology', 'Fibonacci sequences in computing systems', 'Quantum coherence detection methods', 'BioSynth unit maintenance schedules', 'Comparative analysis of neural matrix designs', 'Case studies of failed initializations', 'Theoretical limits of matrix complexity', 'Ethical considerations in synthetic intelligence']","Initialize the primary neural matrix with a Fibonacci sequence input, then wait for 8.3 seconds of quantum coherence before starting the secondary matrix."
Why must the polarity of graviton projectors be reversed during spatial fold operations?,"['Graviton projectors create spatial folds by generating negative mass (Gravitonics Theory Vol. II).', 'Polarity reversal prevents quantum feedback loops that would otherwise collapse the fold (Practical Gravitonics Journal Issue 45).', 'History of graviton manipulation', 'Spatial fold applications in transportation', 'Quantum feedback loop case studies', 'Negative mass generation techniques', 'Projector maintenance requirements', 'Theoretical limits of fold stability', 'Safety incidents involving graviton projectors', 'Alternative spatial manipulation technologies']",Graviton projector polarity must be reversed during spatial fold operations to prevent quantum feedback loops from collapse.
How do you synchronize the chrono regulators in a temporal displacement array?,"['Primary chrono regulator must be set to the local quantum timestamp (Temporal Array Manual).', 'All secondary regulators must then be synchronized within 0.0001 seconds using entangled chrono particles (Advanced Temporal Operations Guide).', 'History of temporal displacement technology', 'Quantum timestamp synchronization methods', 'Chrono particle generation techniques', 'Case studies of failed synchronizations', 'Theoretical limits of temporal displacement', 'Regulator maintenance schedules', 'Alternative synchronization approaches', 'Safety protocols for temporal operations']",Synchronize chrono regulators by setting the primary to local quantum timestamp then aligning secondaries within 0.0001 seconds using entangled chrono particles.
What determines the potency level of cultivated Luminal berries?,"['Luminal berry potency is directly influenced by soil composition. The optimal growing medium contains 40% volcanic ash, 35% decomposed Silverleaf matter, and 25% crystallized moonwater. This combination provides essential minerals for berry development.', 'The harvesting timing for Luminal berries is critical for potency retention. Berries must be picked during the third lunar phase when the twin moons of Celestia are in perfect alignment, occurring every 28 days. This timing ensures maximum concentration of active compounds.', ""Luminal berries are small, purple fruits that grow on thorny bushes native to the planet Celestia's equatorial regions."", 'The average yield per Luminal berry bush is approximately 2.5 kilograms during peak growing season.', 'Luminal berries have been used in traditional Celestian medicine for over 800 years to treat various ailments.', ""The export value of Luminal berries represents 15% of Celestia's total agricultural economy."", 'Wild Luminal berries are considered a delicacy and command prices up to 50 credits per kilogram.', 'The germination period for Luminal berry seeds is typically 14-16 days under standard greenhouse conditions.', 'Luminal berry bushes require minimal water, making them ideal for arid climate cultivation.', 'The distinctive sweet-tart flavor of Luminal berries makes them popular in both culinary and medicinal applications.']","The potency level of cultivated Luminal berries is determined by growing them in soil composed of 40% volcanic ash, 35% decomposed Silverleaf matter, and 25% crystallized moonwater, then harvesting them during the third lunar phase when Celestia's twin moons are in perfect alignment."
What causes the Prismatic shield generator to enter emergency shutdown mode?,"['The Prismatic shield generator has built-in safety protocols that trigger emergency shutdown when power output exceeds 78.2 terawatts. This threshold prevents core overload, but the shutdown only occurs under specific interference conditions.', ""Harmonic interference patterns at frequencies above 15,000 Hz can destabilize Prismatic shield generators. When these interference patterns coincide with high power output levels, the generator's safety systems activate emergency protocols to prevent catastrophic failure."", 'Prismatic shield generators are manufactured by Stellar Defense Systems and are standard equipment on military vessels.', 'The typical operational lifespan of a Prismatic shield generator is 25 years with regular maintenance schedules.', 'Installation of Prismatic shield generators requires specialized certification from the Galactic Engineering Council.', 'The energy consumption of Prismatic shield generators varies based on threat level and shield configuration settings.', 'Prismatic shield technology was originally developed for protecting space stations from asteroid impacts.', 'The visual appearance of Prismatic shields creates a distinctive rainbow-colored barrier visible to the naked eye.', 'Repair costs for damaged Prismatic shield generators typically range from 50,000 to 200,000 credits.', 'The weight of a standard Prismatic shield generator unit is approximately 3.7 metric tons.']","The Prismatic shield generator enters emergency shutdown mode when power output exceeds 78.2 terawatts while simultaneously experiencing harmonic interference patterns at frequencies above 15,000 Hz."
Why does Morphic steel require such a specific forging process?,"['Morphic steel possesses a unique molecular structure where iron atoms are interwoven with Ethereal particles in a complex lattice pattern. This structure makes the material incredibly strong but also highly unstable during the forging process.', ""The forging of Morphic steel requires constant pressure of exactly 847 atmospheres throughout the entire heating process. This pressure prevents the Ethereal particles from escaping the iron lattice, maintaining the material's unique properties."", 'Morphic steel was discovered accidentally by metallurgist Dr. Elena Voss during experiments with alien materials.', 'The commercial applications of Morphic steel include spacecraft hulls, protective armor, and high-stress engineering components.', 'Morphic steel costs approximately 500 times more than conventional steel due to the complexity of its production process.', 'The distinctive silver-blue color of Morphic steel makes it easily recognizable among other metal alloys.', 'Quality control testing for Morphic steel involves subjecting samples to extreme temperature and pressure variations.', 'The supply chain for Morphic steel production involves mining operations on three different planets.', 'Morphic steel recycling is possible but requires specialized facilities capable of re-stabilizing the molecular structure.', 'The patent for Morphic steel production is held jointly by Cosmic Materials Inc. and the Ethereal Research Consortium.']","Morphic steel requires a specific forging process because its unique molecular structure of iron atoms interwoven with Ethereal particles becomes highly unstable during heating, necessitating constant pressure of exactly 847 atmospheres to prevent the Ethereal particles from escaping the iron lattice."
How often must a Nebular compass be recalibrated for accurate navigation?,"['Nebular compasses experience magnetic drift at a rate of 0.3 degrees per standard day due to quantum field fluctuations in space. This drift accumulates over time and affects navigation accuracy significantly.', 'The recalibration process for Nebular compasses requires alignment with the Polaris Gamma star system, which completes its visible cycle every 12 standard days. This stellar reference point provides the necessary quantum baseline for accurate readings.', 'Nebular compasses are essential navigation tools for ships traveling through the dense Andromeda Nebula region.', 'The invention of the Nebular compass by Captain Zara Moonwind revolutionized deep space exploration in the 28th century.', 'Standard Nebular compasses have a operational range of approximately 50 light-years from their calibration point.', 'The construction of Nebular compasses requires rare crystals found only in the asteroid belt of the Sigma Centauri system.', 'Nebular compass maintenance includes regular cleaning of the quantum sensors and checking for micro-fractures in the crystal housing.', 'The accuracy of Nebular compasses decreases by 15% for every 10 degrees of temperature variation from standard conditions.', 'Nebular compasses emit a faint blue glow when functioning properly, indicating stable quantum field detection.', 'The training required to operate a Nebular compass effectively takes approximately 200 hours of specialized instruction.']","A Nebular compass must be recalibrated every 12 standard days because it experiences magnetic drift at 0.3 degrees per day, and recalibration requires alignment with the Polaris Gamma star system which completes its visible cycle every 12 days."
What determines when Plasma fruit reaches optimal ripeness for consumption?,"[""Plasma fruit ripeness is indicated by its internal energy signature reaching exactly 47.3 kilojoules per gram. This energy level indicates that the fruit's plasma cores have fully developed and are safe for consumption."", ""The energy signature of Plasma fruit can only be accurately measured when the fruit's surface temperature stabilizes at 23°C. Temperature fluctuations above or below this point result in false readings of the internal energy levels."", 'Plasma fruit trees are native to the volcanic regions of planet Pyrion and require extreme heat to survive.', ""The harvesting season for Plasma fruit typically lasts for 6 weeks during Pyrion's summer months."", 'Plasma fruit has a distinctive orange-red color and emits a faint warmth when held in the hand.', 'The nutritional value of Plasma fruit includes high levels of exotic vitamins not found in conventional fruits.', 'Plasma fruit cultivation requires specialized heat-resistant equipment and protective gear for workers.', 'The export of Plasma fruit is strictly regulated due to its potential use in energy weapon manufacturing.', 'Plasma fruit juice is considered a delicacy and sells for 200 credits per liter in luxury markets.', 'The shelf life of properly stored Plasma fruit is approximately 14 days under controlled atmospheric conditions.']","Plasma fruit reaches optimal ripeness when its internal energy signature reaches exactly 47.3 kilojoules per gram, which can only be accurately measured when the fruit's surface temperature stabilizes at 23°C."
What is the activation sequence for a Mark-VII photon thruster in zero-gravity conditions?,"['The Mark-VII photon thruster requires a 5-second warm-up at 30% power before full activation (Thruster Manual v4.2).', 'In zero-gravity, the inertial dampeners must be disabled during warm-up to prevent harmonic resonance (Zero-G Operations Bulletin 77).', 'History of photon thruster development', 'Inertial dampener maintenance procedures', 'Comparative analysis of thruster models Mark-V through Mark-IX', 'Harmonic resonance case studies', 'Zero-gravity propulsion theories', 'Power fluctuation thresholds for photon engines', 'Safety protocols for thruster activation', 'Theoretical maximum thrust in vacuum conditions']","For zero-gravity activation, warm up the Mark-VII photon thruster at 30% power for 5 seconds with disabled inertial dampeners before full activation."
How should you prepare a quantum entanglement communicator for interstellar distances?,"['Quantum entanglement communicators require paired particles with identical spin states (QE Communicator Guide).', 'For interstellar use, the decoherence shield must be calibrated to the local galactic magnetic field (Interstellar Comms Protocol X-12).', 'Quantum entanglement theory basics', 'Spin state alignment techniques', 'Decoherence shield maintenance', 'Galactic magnetic field mapping methods', 'Short-range vs long-range quantum communication', 'Particle pairing failure rates', 'Interstellar signal delay calculations', 'Alternative FTL communication systems']",Prepare paired particles with identical spin states and calibrate the decoherence shield to the local galactic magnetic field for interstellar communication.
What are the containment procedures for unstable Dark Matter-8 samples?,"['Dark Matter-8 must be contained within a double-layered neutronium shell (Containment Protocol DM-8).', 'The outer shell requires continuous cooling at exactly -273.14°C to maintain quantum stability (Dark Matter Handling Manual).', 'Properties of neutronium', 'History of dark matter research', 'Quantum stability threshold experiments', 'Precision cooling system specifications', 'Dark matter classification system', 'Containment breach case studies', 'Alternative dark matter stabilization methods', 'Theoretical limits of dark matter density']",Contain Dark Matter-8 in a double-layered neutronium shell with the outer shell continuously cooled to exactly -273.14°C.
Explain the startup sequence for a singularity power core,"['The singularity must be initialized at precisely 0.0001 solar masses (Singularity Core Manual).', 'Event horizon stabilizers must engage within 0.3 seconds of initialization (Singularity Safety Protocols).', 'History of singularity power technology', 'Solar mass calculation methods', 'Event horizon stabilizer designs', 'Singularity containment field theory', 'Power output regulation techniques', 'Failed startup case studies', 'Alternative micro-singularity approaches', 'Theoretical energy extraction limits']",Initialize the singularity at exactly 0.0001 solar masses and engage event horizon stabilizers within 0.3 seconds.
What is the proper method to align a tachyon diffraction grating?,"['Tachyon diffraction gratings must be calibrated to the local chroniton field (Tachyon Optics Manual).', 'The primary alignment laser must pulse at 1.21 GW during calibration (Technical Specification TS-456).', 'Chroniton field detection methods', 'Laser power regulation systems', 'Diffraction grating manufacturing processes', 'Tachyon wavelength spectrum analysis', 'Alignment error correction algorithms', 'Calibration tool specifications', 'Alternative tachyon focusing methods', 'Theoretical resolution limits']",Align the grating to the local chroniton field while pulsing the primary alignment laser at 1.21 GW during calibration.
How do you safely initiate a warp bubble around a Class-4 starship?,"['The warp field must be generated at 78% power for 8 seconds before full engagement (Warp Drive Operations).', 'Class-4 ships require simultaneous activation of the Heisenberg compensators (Class-4 Specific Protocols).', 'Warp field theory basics', 'Heisenberg compensator designs', 'Power distribution systems for warp drives', 'Class-4 starship specifications', 'Warp bubble stability metrics', 'Failed initiation case studies', 'Alternative FTL propulsion methods', 'Theoretical warp factor limits']",Generate the warp field at 78% power for 8 seconds while simultaneously activating the Heisenberg compensators.
What is the correct procedure to synthesize Omega particles in a lab setting?,"['Omega particles require collision of precisely 12 anti-quarks in a quantum vacuum (Particle Synthesis Guide).', 'The containment field must oscillate at 440 THz during synthesis (Advanced Particle Physics Vol. III).', 'Anti-quark containment methods', 'Quantum vacuum generation techniques', 'Field oscillation calibration procedures', 'Omega particle decay rates', 'Alternative particle synthesis approaches', 'Safety protocols for exotic matter', 'Theoretical applications of Omega particles', 'Historical synthesis attempts']",Collide exactly 12 anti-quarks in a quantum vacuum while maintaining containment field oscillation at 440 THz.
Describe the proper shutdown sequence for a plasma injector array,"['Plasma flow must be reduced to 5% capacity before shutdown (Plasma Systems Manual).', 'All magnetic constrictors must be deactivated in reverse sequence of activation (Injector Safety Protocols).', 'Plasma flow regulation systems', 'Magnetic constrictor designs', 'Emergency shutdown procedures', 'Plasma cooling rate calculations', 'Injector array configurations', 'Failed shutdown case studies', 'Alternative plasma containment methods', 'Theoretical plasma density limits']",Reduce plasma flow to 5% capacity then deactivate magnetic constrictors in reverse activation sequence.
What precautions are needed when handling Chroniton-7 isotopes?,"['Chroniton-7 must be stored in temporal stasis fields (Chroniton Handling Guide).', 'All personnel must wear phase-shifted protective suits within 10 meters (Temporal Safety Protocol 9).', 'Temporal stasis field generators', 'Phase-shifted material properties', 'Chroniton decay rate studies', 'Radiation shielding comparisons', 'Isotope storage facility designs', 'Temporal contamination case studies', 'Alternative chroniton stabilization methods', 'Theoretical temporal displacement risks']",Store in temporal stasis fields and ensure all personnel within 10 meters wear phase-shifted protective suits.
How do you calibrate a subspace antenna for multi-dimensional communication?,"['The primary emitter must be tuned to the 11th harmonic of the target dimension (Subspace Comms Manual).', 'The quantum phase discriminator must be synchronized within 0.001 picoseconds (Advanced Calibration Procedures).', 'Subspace frequency harmonics', 'Quantum phase discrimination theory', 'Multi-dimensional signal propagation', 'Emitter array configurations', 'Dimensional resonance calculations', 'Signal interference case studies', 'Alternative subspace communication methods', 'Theoretical bandwidth limits']",Tune the primary emitter to the 11th harmonic of the target dimension and synchronize the quantum phase discriminator within 0.001 picoseconds.
What is the proper initialization sequence for a quantum encryption matrix?,"['The quantum encryption matrix requires a prime-numbered key sequence of at least 128 digits (Quantum Security Protocols).', 'All qubits must be polarized in the Z-axis before initialization to prevent entanglement leaks (Crypto Engineering Manual v9.4).', 'History of quantum encryption', 'Prime number generation algorithms', 'Qubit polarization techniques', 'Entanglement detection methods', 'Comparative analysis of encryption matrices', 'Security breach case studies', 'Theoretical limits of quantum keys', 'Alternative quantum security approaches']",Initialize with a prime-numbered key sequence of ≥128 digits after polarizing all qubits in the Z-axis.
How should you configure a holographic emitter array for 9-dimensional projection?,"['The emitter phase must be set to Riemann-7 modulation for dimensional stability (Holography Tech Spec 45X).', 'All projectors must be aligned to within 0.0001 arc-seconds of the central tesseract node (9D Operations Guide).', 'Riemann modulation theory', 'Tesseract node calibration', 'Dimensional projection physics', 'Emitter array maintenance', '7D vs 9D holography comparisons', 'Projection distortion case studies', 'Alternative dimensional display methods', 'Theoretical resolution limits']",Set emitter phase to Riemann-7 modulation and align all projectors within 0.0001 arc-seconds of the central tesseract node.
What are the safety protocols for activating a neutronium forge?,"['The compression field must reach 10^18 pascals before matter injection (Neutronium Fabrication Manual).', 'All personnel must be behind quantum-shielded barriers during the initial fusion pulse (Forge Safety Directive 12).', 'Neutronium properties', 'Quantum shielding specifications', 'High-pressure physics', 'Fusion pulse dynamics', 'Forge maintenance procedures', 'Accident case studies', 'Alternative superdense material synthesis', 'Theoretical compression limits']",Reach 10^18 pascals compression field strength and ensure all personnel are behind quantum-shielded barriers before activation.
Describe the stabilization procedure for a collapsing wormhole,"['The event horizon must be reinforced with negative energy particles (Wormhole Dynamics Vol. III).', 'Temporal shear must be maintained below 0.7 chronotons during stabilization (Interdimensional Physics Journal).', 'Negative energy generation', 'Chronoton measurement techniques', 'Wormhole collapse patterns', 'Event horizon reinforcement', 'Stabilization field configurations', 'Failed stabilization attempts', 'Alternative FTL travel methods', 'Theoretical wormhole lifespan']",Reinforce the event horizon with negative energy particles while maintaining temporal shear below 0.7 chronotons.
What is the correct method to harvest zero-point energy from quantum foam?,"['The extraction grid must vibrate at Planck frequency (Zero-Point Energy Manual).', 'All collectors must be phase-locked within 1 attosecond of each other (Quantum Foam Research Papers).', 'Planck-scale physics', 'Attosecond synchronization', 'Quantum foam properties', 'Energy conversion efficiency', 'Harvesting array designs', 'Energy spike incidents', 'Alternative vacuum energy extraction', 'Theoretical yield calculations']",Vibrate the extraction grid at Planck frequency while phase-locking all collectors within 1 attosecond.
How do you calibrate a dimensional phase compensator?,"['The compensator must be tuned to the local Higgs field variance (Dimensional Engineering 101).', 'Calibration requires simultaneous input from at least 3 quantum chronometers (Precision Instruments Manual).', 'Higgs field measurement', 'Quantum chronometer operation', 'Phase instability patterns', 'Calibration algorithms', 'Compensator designs', 'Misalignment consequences', 'Alternative dimensional stabilization', 'Theoretical tuning limits']",Tune to the local Higgs field variance using simultaneous input from ≥3 quantum chronometers.
What preparations are needed for antimatter containment in warp transit?,"['All magnetic bottles must be reinforced with neutronium filaments (Antimatter Protocols).', 'The containment field frequency must be adjusted to match the warp core harmonics (Warp Field Supplement).', 'Neutronium filament fabrication', 'Warp core frequency analysis', 'Antimatter behavior in warp', 'Containment failure scenarios', 'Transit preparation checklists', 'Emergency venting procedures', 'Alternative antimatter storage', 'Theoretical containment limits']",Reinforce magnetic bottles with neutronium filaments and adjust containment field frequency to match warp core harmonics.
Explain the procedure to activate a planetary defense shield,"['The shield matrix must be charged with exactly 1.21 exajoules (Planetary Defense Manual).', 'All phase emitters must synchronize within a 12-nanosecond window (Shield Coordination Protocols).', 'Energy storage systems', 'Nanosecond synchronization tech', 'Shield matrix configurations', 'Power distribution networks', 'Activation sequence timing', 'Shield failure analysis', 'Alternative defense systems', 'Theoretical coverage limits']",Charge the shield matrix with 1.21 exajoules while synchronizing all phase emitters within a 12-nanosecond window.
What is the proper sequence to engage a star drive's safety interlocks?,"['The primary energy conduits must be purged before engaging interlocks (Star Drive Maintenance).', 'All plasma valves must be in the 45° neutral position (Safety Systems Handbook) to engage the interlocks.', 'Energy conduit designs', 'Plasma valve mechanisms', 'Interlock failure modes', 'Purge cycle procedures', 'Valve position sensors', 'Accident case studies', 'Alternative propulsion safety systems', 'Theoretical stress limits']","Purge primary energy conduits first, then ensure all plasma valves are in the 45° neutral position before engaging interlocks."
