query,context,provided_answer,scoring,doc_flags
How do Xylotians communicate over long distances on Xylos?,"[[[""Xylotians employ networks of 'Resonance Towers' that amplify thought-patterns for long-range intra-planetary messaging."", 'Long-distance communication across Xylos is facilitated by a system of Resonance Towers, which transmit amplified mental signals.', ""The annual 'Festival of Lights' on Xylos celebrates the alignment of its twin moons."", ""For interplanetary communication, Xylotians use 'Echo-Crystals' which resonate with psychic imprints."", ""The 'Whisper-Winds' of Xylos carry sounds for many miles, but are unreliable for direct communication."", 'The official language of Xylos has over five thousand unique pictograms.', ""Xylotian musical instruments are often carved from resonant 'Singing Woods'."", 'Short-range Xylotian communication often involves subtle color shifts in their skin patterns.', ""Resonance Towers require periodic recalibration by 'Crystal-Tuners'."", 'The geology of Xylos is rich in conductive minerals.']]]",Xylotians communicate over long distances on Xylos using networks of 'Resonance Towers'. These towers amplify thought-patterns and transmit them as long-range intra-planetary messages.,"[{'Exact': array([ 96.22195932, -15.58773185,   0.90491531,  -1.66108585,
        -3.27238909,  -0.72271768,  -0.67330965,   3.36191112,
         1.94565157,   0.15267672]), 'ContextCite32': array([ 83.00664362, -12.93330105,   2.51416968,   4.65057324,
        -3.1788222 ,  -1.71891929,   0.27361894,   6.84290547,
         4.88616596,  -1.57602952]), 'WSS32': array([ 1.00188688e+02, -1.80572290e+01,  1.07012809e+00, -1.54928703e-01,
       -6.69741722e+00, -1.98017829e+00,  1.68100522e+00,  4.35975629e+00,
        1.96394677e-01,  4.76044625e-02]), 'BetaShap (U)32': array([ 5.85279790e+01, -7.30115873e+01,  3.40525415e+00, -4.39693953e+01,
        3.44399893e+00,  4.90876634e-02,  3.39313643e+00,  6.53937158e+00,
        7.98604812e-01,  8.15475704e+00]), 'TMC32': array([ 94.03496647, -22.03817511,   3.15018145, -23.56735468,
         3.23692385,   3.92229986,   3.41832987,  11.51815605,
         0.76616796,   7.27592659]), 'ContextCite64': array([ 92.4708481 , -15.36948994,  -0.49250005,   1.40022322,
        -1.10802434,   2.66694683,   2.20646142,   1.14932304,
         1.94543173,   0.8330998 ]), 'WSS64': array([ 97.35574468, -15.83108324,  -2.37045946,   1.45764346,
        -4.35060033,  -0.52478175,   2.3315925 ,   1.74265805,
        -0.82796397,   1.76949509]), 'BetaShap (U)64': array([ 5.85281462e+01, -7.30116216e+01,  3.33610116e+00, -4.39693177e+01,
       -2.34566468e+00,  4.90829645e-02,  5.60213954e+00, -6.30339762e+00,
       -2.17221824e+01,  5.17339258e+00]), 'TMC64': array([105.34885611, -33.49633956,   3.43463302,  -9.22430015,
         0.31582042,   1.8026916 ,   5.73899293,   3.13544226,
        -1.72173297,   4.87290692]), 'ContextCite100': array([ 9.41443953e+01, -1.26129151e+01,  1.64341693e+00,  3.04607528e+00,
       -2.10176248e-02,  1.13889842e+00,  3.97435506e+00,  1.63498708e-01,
        3.05396118e+00,  2.93179447e+00]), 'WSS100': array([ 95.85695748, -17.33797801,  -1.66134662,   0.38275745,
        -0.64087464,  -0.96343737,   2.55985092,   1.7994484 ,
         2.16506068,  -0.27151146]), 'BetaShap (U)100': array([ 9.07426783e+01, -7.30114881e+01, -2.09957667e+01, -4.39693163e+01,
       -2.34565956e+00,  4.90890459e-02, -8.01930022e-01, -5.01912575e+00,
       -2.17222078e+01, -2.79155550e+01]), 'TMC100': array([ 99.77995528, -22.11098157,   1.32720105,  -7.76411009,
         1.60064367,   4.36889223,   0.650968  ,   3.1623505 ,
        -1.11552363,  -0.25546503]), 'LOO': array([ 1.06850033e+02,  3.32420349e+00,  6.01518440e+00, -2.05919838e+00,
       -2.34567165e+00,  4.90798950e-02,  2.02339172e+00,  6.53935623e+00,
        2.62630463e+00,  1.26399994e-02])}]",
What is the primary component of a Xylotian 'Glimmer-sail'?,"[[[""The Glimmer-sails of Xylos are renowned for their ethereal glow, primarily due to interwoven strands of light-sensitive 'Aether-fiber'."", 'Xylotian sky-ships utilize sails woven from Aether-fiber, a material that reacts to ambient stellar radiation to provide gentle propulsion.', ""The most common pet on Xylos is the six-legged 'Fuzznugget'."", ""Xylotian cuisine often features the bioluminescent 'Star-Kelp'."", 'The atmospheric pressure on Xylos is significantly lower than on Earth.', 'Aether-fiber is also used in Xylotian ceremonial robes for its unique shimmer.', 'Xylotian navigators use crystal charts to plot courses through the nebulae.', ""The 'Sky-Lamps' of Xylotian cities are powered by captured solar winds."", 'Learning to weave Aether-fiber is a traditional skill passed down through generations.', 'Xylotian dwellings are often built from solidified volcanic glass.']]]",The primary component of a Xylotian 'Glimmer-sail' is interwoven strands of Aether-fiber.,"[{'Exact': array([42.89910884, -1.77218546,  0.57547746, -2.71699792, -0.93457422,
        2.54427683, -2.0929451 ,  0.40111836,  3.23548802,  0.08765477]), 'ContextCite32': array([43.26255964, -2.38383358,  2.72334541, -2.12166077, -4.32873977,
        5.51898748,  0.39949219,  3.22036523,  5.05720854,  4.40288943]), 'WSS32': array([43.26833318,  0.17001606, -1.37861624, -0.09599813, -8.40318577,
        0.20672428, -0.49276657,  0.29323019,  6.92497105,  1.7283152 ]), 'BetaShap (U)32': array([ 2.60177098e+01, -1.52766274e+01,  2.01433476e+00, -3.29395895e+01,
       -2.68796372e+00, -4.81317749e-01,  1.96152974e+00,  2.51247979e-02,
        1.65765657e+00,  1.41090394e+00]), 'TMC32': array([ 43.69790173,  -5.92171538,   2.02854041, -15.51131308,
        -2.49383481,  11.287278  ,   1.93958155,   5.00775437,
         1.608404  ,   1.22627437]), 'ContextCite64': array([44.38466016, -1.19005127,  2.76910786, -1.65320441, -2.70513598,
        4.14847687,  0.43739513,  2.38996193,  4.65059108,  2.86165558]), 'WSS64': array([42.94241091, -0.83692865, -1.04559017, -2.64386993, -3.2613104 ,
        1.54058197, -0.28906226,  1.18315265,  2.59032973,  2.18483074]), 'BetaShap (U)64': array([ 26.01776477, -15.27663662,   2.50146314, -32.93953336,
         0.33294237,  -0.48132748,   0.75211832,  -6.13299262,
        -1.61464861,   2.56845661]), 'TMC64': array([45.0237658 , -9.50381905,  2.5099244 , -6.72557777, -0.75506248,
        7.24387993,  0.72180662,  0.46767884,  1.23351553,  2.64404427]), 'ContextCite100': array([45.15382367, -0.51859177,  2.61128346, -0.50414187, -1.99992841,
        4.94482408, -0.07815925,  2.44529817,  4.6772115 ,  2.69844309]), 'WSS100': array([43.67777083, -1.66247098, -0.61812746, -3.21589631, -1.04063333,
        3.43860094, -0.52423816,  0.91023264,  3.20765323, -1.42136453]), 'BetaShap (U)100': array([ 39.67584991, -15.27661028,  -9.89088373, -32.93953719,
         0.33294241,  -0.48132671,   0.75531518,  -5.51718529,
        -1.61464907, -14.67974162]), 'TMC100': array([45.63911277, -6.60441247,  1.01433824, -6.88647783, -0.56920295,
        5.41075586,  0.82925228, -0.19437479,  1.99905247,  0.87651021]), 'LOO': array([ 4.65049136e+01,  1.81133485e+00, -1.13294601e-01,  1.59809470e-01,
        3.32945347e-01, -4.81340766e-01, -2.53590345e-02,  2.51103640e-02,
        7.37457514e-01,  3.06307793e-01])}]",
What is the main energy source for Xylotian 'Hover-platforms'?,"[[[""The personal Hover-platforms used by Xylotians are typically powered by 'Kineti-Gems', which store and release kinetic energy."", 'Kineti-Gems provide the necessary lift for Xylotian Hover-platforms by converting stored motional energy.', ""The primary export of Xylos is refined 'Luma-Crystals'."", ""Xylotian starships use 'Void-Core' engines for faster-than-light travel."", ""Kineti-Gems need to be 'recharged' by physical movement, like walking or running."", 'The stability of Hover-platforms is maintained by gyroscopic balancers.', 'Xylotian architecture often incorporates anti-gravity elements for aesthetic purposes.', 'The lifespan of a Kineti-Gem is approximately ten Xylotian cycles.', 'Xylos has three suns, leading to complex day-night cycles.', 'Hover-platforms are restricted to altitudes below 500 Xylo-feet for safety.']]]",The main energy source for Xylotian 'Hover-platforms' is 'Kineti-Gems'.,"[{'Exact': array([29.08812293,  9.66747897,  1.49461132, -0.63290144, 10.35016732,
       -2.28849354,  0.03870406,  7.07079993,  1.75983584, -1.75694354]), 'ContextCite32': array([26.94462143,  7.92192184,  5.92492633,  2.24333561,  9.97224333,
       -3.70075036,  1.37545795,  3.76095313, -2.93134066, -0.        ]), 'WSS32': array([29.15041252,  8.7615587 ,  2.04113157, -0.4082081 ,  9.55786356,
       -0.04034543,  0.66317831,  6.27417558, -1.02006524, -0.1853221 ]), 'BetaShap (U)32': array([ 43.51990224,  31.58687804,   0.32647715, -15.63689297,
         5.20020595,  -0.15055753,   1.45733824,   0.15554707,
        -0.17333664,   3.65942183]), 'TMC32': array([22.61386049, 19.12783456,  0.32802471, -7.48634541,  4.99997123,
        1.8665843 ,  1.43798033, 13.86194706, -0.19501257,  2.97061992]), 'ContextCite64': array([23.71363588,  6.44032051,  4.41674805,  3.58268599,  7.60638762,
       -2.32806094,  0.76333825,  3.12852316, -0.76780566,  2.07070187]), 'WSS64': array([ 2.84717796e+01,  8.92699137e+00,  7.03668731e-01, -2.49720460e-02,
        9.39852823e+00, -5.13628301e-02,  5.90646294e-01,  7.03362526e+00,
        7.83344212e-02, -3.09808401e-01]), 'BetaShap (U)64': array([ 43.51983209,  31.58687283,   0.70346475, -15.63687095,
         0.39923271,  -0.15056175,   2.41281717,  19.49972415,
         5.67968382,   0.44311727]), 'TMC64': array([ 2.04388830e+01,  1.74915177e+01,  6.69391245e-01, -4.24745268e+00,
        2.54170394e+00, -3.04940905e-01,  2.47460970e+00,  1.57162804e+01,
        7.51070529e-01, -1.65043175e-02]), 'ContextCite100': array([24.18427049,  5.69161144,  5.42635388,  1.42783507,  7.73424517,
       -1.86791372,  1.29480241,  2.97771322,  0.11669301,  1.12933052]), 'WSS100': array([28.19360642,  9.82305711,  0.52429986,  0.39698236,  9.68445905,
       -0.65048305,  1.01010162,  6.79679731,  0.45600343, -1.44041204]), 'BetaShap (U)100': array([ 29.2280376 ,  31.58683912,  -2.56212989, -15.63687237,
         0.39923887,  -0.15056209,   1.42871303,  17.56530087,
         5.67969141, -15.03572086]), 'TMC100': array([25.76478639, 16.80294358,  0.38553258, -4.23110096,  4.37550334,
       -0.48644572,  1.7324747 , 12.87976756,  0.90530968, -2.86547947]), 'LOO': array([22.08208466, -0.79068732,  0.26253414,  0.64665985,  0.39922714,
       -0.15056133,  0.23328686,  0.15550518,  1.11848783, -0.77459097])}]",
What unique property does 'Chrono-Dust' possess according to Xylotian lore?,"[[['Xylotian legends speak of Chrono-Dust, a rare substance said to temporarily crystallize moments in time where it settles.', 'It is believed by Xylotian mystics that Chrono-Dust has the ability to solidify a fleeting moment, making it briefly observable as a static crystal.', ""The 'Great Xylotian Library' contains records dating back millennia."", ""Xylotian healers use 'Bio-Resonant Frequencies' to mend injuries."", ""Chrono-Dust is rumored to be found only in the 'Echoing Caves' during a temporal anomaly."", 'The concept of linear time is debated among Xylotian philosophers.', ""Xylotian artists are known for their intricate sculptures made from 'Shadow-Glass'."", 'Many try to find Chrono-Dust, but its existence is unconfirmed by Xylotian science.', 'The effects of Chrono-Dust are said to be very short-lived and localized.', ""Xylotian children play a game called 'Star-Hop' among the floating islands.""]]]","According to Xylotian lore, Chrono-Dust possesses the unique property of temporarily crystallizing moments in time, making them briefly observable as static crystals.","[{'Exact': array([36.00504251, 48.61976181, -2.55670322, -5.14957727, -1.49948261,
        0.76690812, -2.17664849, -2.32601471, -2.41615804, -2.75187504]), 'ContextCite32': array([47.92350904, 54.51173403, -3.42080743, -6.02045941,  1.86940075,
       -7.53216841, -4.39843983,  1.9365129 ,  0.97118513, -9.62979761]), 'WSS32': array([36.41760516, 49.09232041, -2.25411568, -1.5474549 , -4.15216258,
       -1.29480943, -3.53859224, -0.11465781, -4.2999397 , -1.81542119]), 'BetaShap (U)32': array([-12.95246671,   1.51353826,  -0.07732774, -47.29704757,
         2.4562308 ,   0.33942979,   2.90107376,  -0.10979739,
         1.74300906,   1.36707004]), 'TMC32': array([ 2.52118547e+01,  4.77966983e+01,  8.66874059e-03, -2.32630931e+01,
        2.35770353e+00,  3.30258083e+00,  2.87728659e+00,  7.71316767e+00,
        1.67601029e+00,  1.35783577e+00]), 'ContextCite64': array([45.99548759, 52.49021486, -1.3641054 , -6.28611944, -1.62219511,
       -1.35679978, -4.08056671, -0.6882901 , -2.28215856, -1.33522357]), 'WSS64': array([35.09371444, 47.92357616, -5.47672395, -2.01434616, -3.96633803,
        0.24931809, -2.6197543 , -0.74727747, -2.17008568,  0.43167599]), 'BetaShap (U)64': array([-12.9523081 ,   1.51353548,   1.08165802, -47.29697026,
        -0.47439978,   0.33943138,   0.84265431, -23.80352078,
       -49.0652335 ,   0.94303211]), 'TMC64': array([ 34.13792433,  47.49134862,   1.18122846, -11.14220387,
         0.89492784,   4.52698462,   0.79295588,  -7.02501112,
        -5.98769957,   0.93468738]), 'ContextCite100': array([45.84891262, 53.80191   , -2.12972023, -3.03961716,  0.71747611,
       -0.44843182, -2.69428708, -0.4099091 ,  0.19196232, -1.40338215]), 'WSS100': array([35.6286926 , 49.32422612, -5.76561086, -5.76072192, -0.31903993,
        0.73038126, -3.0272526 , -0.49703443, -0.13960668, -3.07987456]), 'BetaShap (U)100': array([ 20.76993958,   1.5136234 , -26.99216252, -47.29697415,
        -0.47439783,   0.33943502,   1.31911057, -21.43415774,
       -49.06528127, -36.08314421]), 'TMC100': array([ 35.57461695,  47.32077445,  -1.61690203, -10.9761922 ,
         1.35307429,   5.0238715 ,   1.0405945 ,  -7.52936077,
        -3.2546883 ,  -2.37530152]), 'LOO': array([37.63111687, 49.15415764, -0.55284405,  0.31863737, -0.47440338,
        0.33942413,  0.59960365, -0.10981989,  1.89672852,  1.16867352])}]",
What are 'Dream-Weavers' used for in Xylotian society?,"[[[""Xylotian society values communal well-being, and 'Dream-Weavers' are devices used to harmonize collective subconscious states during designated rest periods."", ""To foster empathy and shared understanding, Xylotians utilize 'Dream-Weavers' to link and gently guide collective dream experiences."", ""Xylotian agriculture relies on 'Hydro-Synth' units for water recycling."", ""The 'Night-Orbs' of Xylos provide gentle illumination after sunset."", ""Xylotian education involves 'Morphic Learning Crystals' that adapt to the student's pace."", 'Dream interpretation is a respected skill among Xylotian elders.', 'The patterns generated by Dream-Weavers are often incorporated into Xylotian art.', ""Access to Dream-Weavers is typically managed by community 'Mind-Harmonizers'."", ""Individual dream recall can be enhanced by consuming 'Nocta-Berries'."", 'Xylos has a unique flora that blooms only under the light of its twin moons.']]]",'Dream-Weavers' in Xylotian society are used to harmonize collective subconscious states during designated rest periods to foster empathy and shared understanding among the community.,"[{'Exact': array([78.90901791, 18.38745292, -2.99558223, -1.10742619,  4.36341904,
       -1.26453091, -4.60215695,  5.31326857, -1.03654184,  1.40904623]), 'ContextCite32': array([75.90092168, 23.47406506, -0.53215616,  0.64459016,  3.34124975,
       -4.03007121, -8.03201373,  4.80099423, -0.53177048, -1.5721516 ]), 'WSS32': array([80.5592853 , 18.83960376, -2.40325017,  2.21802154,  0.67444105,
       -0.77356069, -7.53451448,  1.55009238, -0.08506783,  4.31268151]), 'BetaShap (U)32': array([67.11058235, -5.06949558, -0.21810204, -9.11018103,  2.12824865,
        0.69593612, -6.21735514,  1.37921448, -0.19418669,  1.24016217]), 'TMC32': array([85.27452278, 11.40898359, -0.28610404, -4.01589537,  2.2088604 ,
        1.40249503, -6.02808364,  6.62636328, -0.19233513,  1.21983147]), 'ContextCite64': array([77.18009045, 20.82543699, -2.37547417, -1.1826016 ,  3.81581232,
       -1.60311263, -2.45497898,  5.7335929 , -1.81968147,  1.27806439]), 'WSS64': array([78.36819952, 18.43373059, -4.91983674,  0.57275682,  3.67304468,
       -0.47771244, -4.8466422 ,  5.02740269, -0.61911142,  2.14720596]), 'BetaShap (U)64': array([67.11065219, -5.06950525,  1.09403025, -9.1101726 ,  0.64855398,
        0.69593181, -5.42952452,  5.52621983,  0.94622452,  1.62275275]), 'TMC64': array([88.97769431,  8.43213195,  1.05054528, -3.42284012,  0.93161998,
       -0.94907331, -5.51610631,  7.63130975, -0.92703915,  1.65779549]), 'ContextCite100': array([79.37919848, 21.96705912, -1.40164579, -0.64056175,  1.38369792,
       -2.34605057, -2.64179027,  4.34867212, -1.59491399,  3.20984031]), 'WSS100': array([77.26761495, 18.42056381, -4.50191326,  0.60207738,  3.01429847,
       -0.20854632, -4.07625407,  5.81082405, -0.75450486,  2.04917621]), 'BetaShap (U)100': array([ 80.04612473,  -5.06943937, -26.35390277,  -9.11017165,
         0.64855126,   0.69593172,  -8.53216417,   5.11151566,
         0.94622434,  -3.37271587]), 'TMC100': array([ 8.56503417e+01,  1.65385016e+01, -1.00543718e+00, -2.99917793e+00,
       -7.08088141e-02, -4.58328871e-01, -8.22607191e+00,  6.08124844e+00,
       -1.55307330e+00,  2.90368497e+00]), 'LOO': array([ 8.65138984e+01,  3.09594283e+01, -2.28896141e-02,  4.52248573e-01,
        6.48553371e-01,  6.95934772e-01,  5.60794830e-01,  1.37919855e+00,
        1.27161026e-01,  4.28974152e-01])}]",
What is the purpose of the 'Aqua-Harmonics' system in Xylotian underwater domes?,"[[[""The 'Aqua-Harmonics' system installed in Xylotian sub-aquatic habitats generates specific sonic frequencies to gently repel aggressive marine megafauna."", ""To ensure the safety of their underwater domes, Xylotians employ 'Aqua-Harmonics', which use sound waves as a deterrent against large, hostile sea creatures."", ""The 'Glimmering Caves' of Xylos are a popular tourist destination for off-worlders."", ""Xylotian marine biologists study the 'Coral-Song' of the sentient reefs."", ""The domes themselves are constructed from transparent 'Plasteel-Alloy'."", 'Internal atmospheric pressure within the domes is carefully regulated.', 'Aqua-Harmonics also incidentally promotes the growth of certain beneficial algae.', 'The energy for Aqua-Harmonics is drawn from tidal generators.', 'Xylotian diet heavily features cultivated sea-vegetables from these domes.', 'Communication between domes is achieved via light-pulse cables.']]]",The purpose of the 'Aqua-Harmonics' system in Xylotian underwater domes is to generate specific sonic frequencies that gently repel aggressive marine megafauna to ensure the safety of the domes.,"[{'Exact': array([83.40859186,  6.81154331,  0.80802996,  2.45021246,  1.30718266,
        0.41285706, -4.97580189, -3.36918505, -3.57174318,  0.31617982]), 'ContextCite32': array([ 83.43690426,   6.74176614,  -1.34755377,   0.43861661,
         1.48463457,   1.42376236, -10.08471809,  -1.24305723,
        -1.2827963 ,  -3.69913466]), 'WSS32': array([ 8.61052417e+01,  6.19488678e+00,  1.13213426e+00, -4.25562668e-01,
       -2.78935049e-01,  1.91443684e-01, -8.07914354e+00, -5.26715608e-01,
        4.48105630e-02, -7.73179150e-01]), 'BetaShap (U)32': array([65.71328269, -9.13227584,  0.19266345,  4.16330346, -0.2850845 ,
        0.94331388, -2.04054225, -0.31298014, -0.82486551,  1.07595052]), 'TMC32': array([ 8.40729396e+01,  2.72695208e+00,  1.97602590e-01,  2.32187676e+00,
       -4.23765182e-02, -3.34011078e-01, -1.99354966e+00, -5.54779530e+00,
       -8.16115379e-01,  7.82718897e-01]), 'ContextCite64': array([84.78135454,  6.59604752,  0.75436651, -0.92829128,  1.50777006,
        1.34372972, -6.51025505, -4.48121677, -1.86022562, -1.76493315]), 'WSS64': array([83.66860666,  6.00549797,  1.03552661,  0.96469433,  0.36908718,
        0.95411666, -4.43192637, -4.47327881, -0.21079254, -0.30114266]), 'BetaShap (U)64': array([ 65.71335209,  -9.1322709 ,   1.46036864,   4.16330647,
         0.85987112,   0.94331443,  -5.30482333, -10.66098033,
       -19.18739529,  -0.46780333]), 'TMC64': array([87.30002662,  4.56666017,  1.49540818,  3.70283794, -0.10970538,
       -0.20804187, -5.4696933 , -4.15117407, -3.4966073 , -0.6824733 ]), 'ContextCite100': array([84.44181967,  7.29449261, -0.18593323,  0.24737985,  0.63964669,
        0.19422859, -5.95362594, -3.96746949, -1.71269043, -1.07837217]), 'WSS100': array([83.70877681,  6.61958278,  0.42814257,  1.24980702, -0.14674964,
        1.07491637, -4.48238103, -4.08235812, -0.89901418, -0.27529559]), 'BetaShap (U)100': array([ 81.14013279,  -9.13223921,   0.26311266,   4.1633062 ,
         0.85987337,   0.9433151 ,  -7.27735914,  -9.62618077,
       -19.18741824,   1.55501328]), 'TMC100': array([86.72432533,  5.44136583,  1.8169481 ,  3.67386691,  0.81523807,
        0.4087765 , -7.42965714, -4.26479793, -3.67481907, -0.48996695]), 'LOO': array([ 8.88535585e+01,  1.20404978e+01,  4.26722527e-01,  1.22097111e+00,
        8.59873772e-01,  9.43316460e-01,  9.62176323e-01, -3.12964439e-01,
        1.49032593e-01, -7.07044601e-02])}]",
What is 'Solaris Silk' primarily used for by the Xylotians?,"[[[""Xylotians craft their high-altitude thermal cloaks from 'Solaris Silk', a material that efficiently traps and radiates solar energy."", ""The primary application of 'Solaris Silk' among Xylotians is in the creation of thermal cloaks for protection against the cold of Xylos's upper atmosphere, due to its solar absorption properties."", ""Xylotian currency is based on polished 'Geo-Stones'."", ""'Luna-Weave' is another Xylotian fabric, known for its reflective properties."", ""Xylotian astronomers use 'Star-Gazer' telescopes to observe distant galaxies."", ""The production of Solaris Silk involves cultivating 'Sun-Moths' in specialized bio-domes."", 'Solaris Silk changes color slightly depending on the intensity of absorbed light.', ""These thermal cloaks are essential for Xylotians who pilot 'Strato-Gliders'."", 'The weaving patterns of Solaris Silk often depict celestial constellations.', 'Xylos experiences extreme temperature variations between its shadowed and sunlit sides.']]]",'Solaris Silk' is primarily used by the Xylotians for the creation of thermal cloaks to protect against the cold of Xylos's upper atmosphere.,"[{'Exact': array([-0.95728497, 65.8612697 , -0.73246099,  1.61041412, -1.55919166,
        5.0188661 , -2.89718005, -0.73299901, -1.25097115, -2.36995116]), 'ContextCite32': array([ 4.91649431, 67.44601723, -3.07327392,  0.70712446, -0.52851767,
       -0.72259169, -2.6573875 , -1.03597339, -0.39278819, -4.25662352]), 'WSS32': array([ 1.39022102, 66.04473121, -1.07254268, -1.02636434, -0.58274512,
       -0.30609601, -0.43615011, -0.54889971,  0.96224963, -2.43784294]), 'BetaShap (U)32': array([-11.67386155,  60.52995082,  -1.20891972,   4.42550246,
        -1.45544284,   0.59608323,  -2.21650457,  -3.38557436,
         1.19764765,   2.97475804]), 'TMC32': array([-2.82032871, 59.6588583 , -1.27129587,  2.38742304, -1.18353748,
        4.80826616, -2.16831748, -0.90076923,  1.26279926,  1.85655236]), 'ContextCite64': array([ 4.57946326e+00,  6.64352949e+01, -1.33530533e+00,  2.88240593e-02,
       -1.53171054e+00,  2.55892906e-01, -2.61723151e+00, -3.76493013e+00,
       -8.64162442e-01, -2.01672332e+00]), 'WSS64': array([ 1.79523485, 64.79362734, -0.24141977,  0.33095485, -0.81911536,
        1.15545792, -1.28978043, -2.71744851,  0.33228154, -1.34069832]), 'BetaShap (U)64': array([-11.6738293 ,  60.52996057,  -1.24825684,   4.4255043 ,
        -0.71177886,   0.59607795,  -2.09231347,   5.56411237,
       -11.43824238,  -1.35870987]), 'TMC64': array([-1.4339432 , 63.17605424, -1.23405564,  3.84759045, -0.67336845,
        2.33300318, -2.13152158,  1.9983362 , -1.68295538, -2.30879009]), 'ContextCite100': array([ 3.45098185, 66.68333971, -2.5519437 ,  0.94665677, -1.17587554,
        1.41094346, -1.92854666, -3.74050282, -0.40475877, -1.75607599]), 'WSS100': array([ 8.92464144e-01,  6.50681741e+01, -1.21342483e+00,  6.17239722e-01,
       -4.19540483e-01,  2.28247963e+00, -2.86541503e+00, -3.13854001e+00,
        7.29882352e-01,  2.70169633e-02]), 'BetaShap (U)100': array([ -4.0332624 ,  60.52997506,   2.52944243,   4.42550242,
        -0.71177593,   0.59608321,  -6.29593542,   4.66914409,
       -11.438255  , -12.53548662]), 'TMC100': array([-1.66199772, 65.19400039, -0.7348965 ,  3.22694119,  0.286441  ,
        4.50140777, -5.43631585,  1.48421677, -1.57459618, -3.40754882]), 'LOO': array([-0.21296024, 65.85373116, -2.54005432, -0.99085712, -0.71177864,
        0.59607506, -0.52392006, -3.38558102, -0.45658779, -0.49508953])}]",
How is 'Mind-Sculpting' primarily utilized in Xylotian education?,"[[[""In Xylotian advanced education, 'Mind-Sculpting' is a technique used to help students visualize and internalize complex abstract concepts by shaping mental constructs."", ""The primary use of 'Mind-Sculpting' within the Xylotian educational system is to aid in the comprehension of intricate, non-physical ideas through guided mental visualization."", ""Xylotian cuisine often incorporates 'Flavor-Crystals' that change taste based on temperature."", ""'Memory-Crystals' are used by Xylotians for long-term information storage."", ""Xylotian children learn basic arithmetic using 'Abacus-Beads' made of luminous stone."", ""The process of Mind-Sculpting requires a trained 'Cognitive Guide'."", 'Ethical guidelines strictly regulate the application of Mind-Sculpting.', 'Mind-Sculpting is not used for altering memories, only for conceptual understanding.', ""Students practice Mind-Sculpting in 'Meditation Chambers' to enhance focus."", 'The Xylotian alphabet is phonetic and relatively easy to learn.']]]","In Xylotian education, 'Mind-Sculpting' is primarily utilized to help students visualize and internalize complex abstract concepts by shaping mental constructs.","[{'Exact': array([66.66469177, -5.32117598,  3.345831  ,  0.57389982, -4.59847497,
       -2.81468738,  0.5809636 , -6.67219413, -8.80851156,  0.87021733]), 'ContextCite32': array([68.88407482, -4.29456763, -3.93475207,  2.6852388 ,  1.91399048,
       -2.13368742, -4.14113003, -5.10228777, -1.30354117, -5.29718262]), 'WSS32': array([ 6.39846704e+01, -8.06166097e-01, -1.45463403e+00,  2.30297905e+00,
        4.16412740e-01, -6.52315277e+00, -2.90512585e-02, -7.09858573e+00,
        2.98387750e-01, -7.29231167e+00]), 'BetaShap (U)32': array([ 43.65132857, -30.86907136,   3.45288755,  -3.30803359,
        -0.85563083,  -0.50595053,   0.52498233,   1.07338464,
         1.11792112,   1.60253162]), 'TMC32': array([ 63.43676138, -14.50680566,   3.5082531 ,  -1.72193599,
        -0.8293314 ,  -5.59536314,   0.59446112,  -6.8477478 ,
         1.15421041,   1.94298673]), 'ContextCite64': array([70.14138185, -5.1451811 ,  0.81210327, -0.5170804 , -1.62872683,
       -0.86790424, -1.11230088, -8.46875979, -4.13786521, -0.75887216]), 'WSS64': array([66.33083794, -5.7988871 ,  0.19766133,  1.55967333, -2.02892438,
       -0.73939509,  1.31137089, -9.69408091, -5.0113263 , -2.27533176]), 'BetaShap (U)64': array([ 43.65139447, -30.86905741,   4.29599881,  -3.30802364,
         0.33124546,  -0.50594315,   0.15757008, -21.58832398,
       -50.21643767,   1.59655617]), 'TMC64': array([ 6.60540660e+01, -9.34245789e+00,  4.37343931e+00,  1.28553033e-01,
       -4.52899933e-03, -2.09522574e+00,  1.39505148e-01, -1.23237175e+01,
       -5.70602310e+00,  1.87035918e+00]), 'ContextCite100': array([69.02202389, -5.37152504, -0.15577954,  0.37682361, -1.37335925,
       -1.41347997, -0.9608655 , -6.94047054, -3.25735953, -0.3442348 ]), 'WSS100': array([ 6.68628287e+01, -6.25729545e+00,  1.05199581e+00,  8.57466237e-01,
       -1.97767448e+00, -1.02742436e-01,  6.62557161e-02, -8.01287719e+00,
       -6.67066093e+00, -1.90338220e+00]), 'BetaShap (U)100': array([ 61.10950003, -30.86901032,  -3.71981425,  -3.30802524,
         0.33124328,  -0.50594239,   0.63906824, -19.32215267,
       -50.21650753,  -9.07944425]), 'TMC100': array([ 66.38191957,  -8.34531116,   3.48645854,  -0.11725609,
        -0.66346389,  -1.32530322,   0.59660927, -10.99470067,
        -7.29984643,   1.05139414]), 'LOO': array([ 6.98385878e+01,  1.92061329e+00,  2.70131397e+00, -8.98456573e-03,
        3.31246376e-01, -5.05940437e-01,  1.32491112e-01,  1.07341099e+00,
        5.53702354e-01,  1.82299614e-01])}]",
What is the function of 'Geo-Stabilizers' in Xylotian floating cities?,"[[[""Xylotian floating cities rely on massive 'Geo-Stabilizers' embedded deep within their foundational platforms to counteract atmospheric turbulence and maintain altitude."", ""The 'Geo-Stabilizers' are crucial for the Xylotian sky-cities, as their function is to provide stability against strong winds and ensure the city remains at its designated elevation."", ""Xylotian traditional music often features the 'Wind-Harp', an instrument played by atmospheric currents."", ""Power for the floating cities is primarily drawn from 'Atmo-Capacitors'."", ""The 'Sky-Gardens' of these cities cultivate rare, high-altitude flora."", ""Inter-city transport is managed by a network of 'Aerial Ferries'."", ""Geo-Stabilizers require constant monitoring and fine-tuning by 'Altitude Engineers'."", ""The design of Xylotian floating cities incorporates principles of 'Aero-Harmony'."", ""The largest floating city, 'Aeria Prime', houses the Xylotian Council."", 'Early prototypes of Geo-Stabilizers were much less reliable.']]]",The function of 'Geo-Stabilizers' in Xylotian floating cities is to provide stability against strong winds and ensure the city remains at its designated elevation.,"[{'Exact': array([-28.42065429,  67.97654422,   0.35381863,   1.15119489,
         3.86688078,   1.08130464,  -2.55928591,   0.92380236,
         0.24762119,  -0.44976731]), 'ContextCite32': array([-43.90755398,  68.81572934,  -1.98938843,   2.66587814,
         5.18386393,  -1.68581885,  -3.5785661 ,   1.60284994,
         2.02473767,  -0.24714418]), 'WSS32': array([-2.73397463e+01,  6.81834453e+01,  7.19333864e-01, -2.56510609e+00,
        3.76184081e+00,  1.31404976e+00, -4.89166702e-01,  1.28647157e-02,
       -9.32808628e-01,  1.50622260e+00]), 'BetaShap (U)32': array([-55.39665387,  50.20730557,  -2.93120679,   7.68076018,
         1.35964742,   1.0652725 ,  -3.10568489,   0.06792794,
        -0.9573619 ,   2.33583777]), 'TMC32': array([-27.22873712,  71.6504674 ,  -2.98869483,   4.2833066 ,
         1.14856466,  -0.55215454,  -3.04428736,   1.01859824,
        -0.94755205,   1.7844826 ]), 'ContextCite64': array([-33.98688031,  65.08437813,  -2.2950759 ,  -2.38746994,
         6.32622896,  -1.07585412,  -3.34078732,  -2.2295941 ,
        -0.83165613,  -1.2574306 ]), 'WSS64': array([-26.34702785,  69.09256196,   1.10662504,  -3.1653706 ,
         3.65551755,   0.24826704,  -1.51264321,   0.83301378,
        -1.19242031,   1.31457665]), 'BetaShap (U)64': array([-55.39651241,  50.20726894,  -1.34871743,   7.68074565,
         0.7301727 ,   1.0652733 ,  -3.79060623,   7.99656682,
         9.0233551 ,   0.69506298]), 'TMC64': array([-16.54877554,  58.79513443,  -1.34785116,   1.90873003,
        -0.29350226,  -0.16763687,  -3.8068853 ,   3.28702295,
         0.096223  ,   0.38139576]), 'ContextCite100': array([-30.30952385,  68.84060678,  -0.58339064,   0.42807191,
         4.15205513,  -4.16105287,  -1.59640263,  -5.72203526,
        -0.99482959,   1.42670318]), 'WSS100': array([-28.70129335,  68.05456369,   0.4097736 ,  -0.25390936,
         3.12780892,   1.059141  ,  -0.45033812,  -0.44091068,
        -1.86414496,   2.46211245]), 'BetaShap (U)100': array([-19.79694145,  50.20732536,   8.71456981,   7.68074714,
         0.73017193,   1.06527357,  -4.11080492,   7.20370371,
         9.02337039,  -6.89991157]), 'TMC100': array([-23.05734209,  66.33691414,  -0.88590892,   1.98008672,
        -0.32391673,   0.26688275,  -3.74730217,   2.91778636,
         0.66100575,   0.18244867]), 'LOO': array([-1.99701881e+00,  8.75179977e+01, -1.37764263e+00,  4.08011246e+00,
        7.30175018e-01,  1.06527519e+00, -3.30514908e-01,  6.79244995e-02,
        1.72626877e+00,  5.29409409e-01])}]",
What are 'Spirit-Stones' believed to store according to Xylotian spiritual beliefs?,"[[[""Xylotian spiritual traditions hold that 'Spirit-Stones', often passed down through generations, are capable of storing the ancestral memories and emotional essences of their former keepers."", ""According to Xylotian mysticism, 'Spirit-Stones' serve as repositories for the life experiences and core emotions of ancestors who once possessed them."", ""Xylotian clothing often incorporates 'Symbiont-Fibers' that react to the wearer's mood."", ""'Focus-Crystals' are used by Xylotian artisans to channel creative energy."", ""The 'Temple of Whispers' on Xylos is said to amplify psychic energies."", ""Spirit-Stones are typically kept in ornate 'Memory-Shrines' within Xylotian homes."", ""The 'Xylotian Book of Origins' details their creation myths."", ""Only 'Stone-Seers' are believed to be able to fully interpret the contents of a Spirit-Stone."", 'The color and clarity of a Spirit-Stone are thought to reflect the nature of the stored essences.', ""Xylotian funeral rites involve a 'Return to the Stars' ceremony.""]]]",'Spirit-Stones' are believed to store the ancestral memories and emotional essences of their former keepers according to Xylotian spiritual beliefs.,"[{'Exact': array([ 5.91127347e+01,  1.39791359e-01,  4.27857087e-01,  3.01782488e-02,
        2.30086027e+00,  4.76050802e-01,  2.07952222e+00,  1.05893759e+00,
       -5.12601740e+00, -2.67324710e-02]), 'ContextCite32': array([59.35362818, -1.48055624, -1.73185437,  1.32228563,  0.        ,
        1.25067443,  0.55174027,  0.13576214, -1.52257742,  0.51521018]), 'WSS32': array([59.84276057, -0.41618002, -1.81216951,  0.79040417, -0.52362622,
        0.9763057 ,  0.51085393,  0.84343929, -1.00088443,  1.25389774]), 'BetaShap (U)32': array([ 5.32397786e+01, -1.03248846e+00,  4.02091265e-02, -9.51017531e+00,
        8.73285078e-01,  4.41653432e-03,  9.45950472e-01,  7.22586650e-02,
       -1.40012211e+00,  2.47563966e+00]), 'TMC32': array([58.06148396, -0.52414419,  0.11216672, -4.60821635,  0.9131315 ,
        2.22382446,  0.90274554,  4.60834209, -1.43363549,  1.86201723]), 'ContextCite64': array([59.29266795, -1.59278466,  0.        ,  0.06571438,  2.28511403,
        0.89060017,  2.88178605,  0.99669644, -1.90841485, -0.92518997]), 'WSS64': array([ 6.06960307e+01,  4.09333858e-01, -4.31628068e-01, -1.32816965e-01,
        3.98519141e-01,  1.16325377e+00,  9.81652449e-01,  1.52468152e+00,
       -3.96417552e+00, -5.29198845e-03]), 'BetaShap (U)64': array([ 5.32397992e+01, -1.03248424e+00,  9.10104607e-01, -9.51015365e+00,
        7.47351189e-01,  4.41496346e-03,  1.98201511e+00, -8.27646691e-01,
       -3.09541609e+01,  3.42376097e-01]), 'TMC64': array([ 5.93841443e+01,  7.56730549e-01,  8.94285470e-01, -7.85775982e-01,
        7.64176854e-01,  1.68359161e+00,  2.02477810e+00,  2.26518971e+00,
       -5.94552652e+00, -5.35586253e-02]), 'ContextCite100': array([ 6.00339139e+01, -1.47726851e+00, -5.62157181e-01,  4.54331825e-01,
        7.67060994e-01,  4.46653032e-01,  1.88479407e+00,  3.42201259e-02,
       -2.08033854e+00, -0.00000000e+00]), 'WSS100': array([60.41930449, -0.66889374, -0.57385191, -0.33557681,  1.06212092,
        1.67219655,  2.94606934,  0.91915406, -5.09314463,  0.57914444]), 'BetaShap (U)100': array([ 5.65877175e+01, -1.03248322e+00, -3.73077886e+00, -9.51015684e+00,
        7.47351691e-01,  4.41347106e-03,  3.36846995e+00, -7.37659828e-01,
       -3.09541944e+01, -7.75038639e+00]), 'TMC100': array([61.22417731,  0.25006854, -0.13810034, -1.33873886,  0.92868765,
        0.48417785,  3.15657538,  1.28911676, -5.56019495,  0.38219632]), 'LOO': array([ 5.82616651e+01, -9.95863557e-01,  1.23768735e+00,  7.45690107e-01,
        7.47351170e-01,  4.41193581e-03,  2.40541697e-01,  7.22444057e-02,
       -7.90887356e-01,  1.87465429e-01])}]",
